Workbook

Sheet Pro Race
B11: PRICE LIST
B12: ref. 01-2017
B14: prices are ex-taxes and can be changed without prior notice
B15: position EXW Factory Portugal
B16: alpha ropes®
B17: valid from January 1st, 2017
B24: PRO RACE | G24: Suggested Retail Price
B26: Product | C26: Colour | D26: Diam. | E26: Mts | G26: Retail €/mt | H26: Retail €/100mt
B27: D-Core 99
B28: D-Core 99 | C28: solid | D28: 2.5 | E28: 200 | F28: Spool | G28: =(H28/100) -> 1.3028175 | H28: 130.28175
B29: D-Core 99 | C29: solid | D29: 3 | E29: 200 | F29: Spool | G29: =(H29/100) -> 2.0346563 | H29: 203.46563
B30: D-Core 99 | C30: solid | D30: 4 | E30: 200 | F30: Spool | G30: =(H30/100) -> 2.8756901 | H30: 287.56901
B31: D-Core 99 | C31: solid | D31: 5 | E31: 200 | F31: Spool | G31: =(H31/100) -> 5.523 | H31: 552.3
B32: D-Core 99 | C32: solid | D32: 6 | E32: 200 | F32: Spool | G32: =(H32/100) -> 7.51245 | H32: 751.245
B33: D-Core 99 | C33: solid | D33: 7 | E33: 200 | F33: Spool | G33: =(H33/100) -> 9.5613 | H33: 956.13
B34: D-Core 99 | C34: solid | D34: 8 | E34: 200 | F34: Spool | G34: =(H34/100) -> 13.269262 | H34: 1326.9262
B35: D-Core 99 | C35: solid | D35: 9 | E35: 200 | F35: Spool | G35: =(H35/100) -> 18.032587 | H35: 1803.2587
B36: D-Core 99 | C36: solid | D36: 10 | E36: 200 | F36: Spool | G36: =(H36/100) -> 20.754488 | H36: 2075.4488
B37: D-Core 99 | C37: solid | D37: 12 | E37: 200 | F37: Spool | G37: =(H37/100) -> 23.668696 | H37: 2366.8696
B38: D-Core 99 | C38: solid | D38: 14 | E38: 100 | F38: Spool | G38: =(H38/100) -> 26.627838 | H38: 2662.7838
B39: D-Core 99 | C39: solid | D39: 16 | E39: 100 | F39: Spool | G39: =(H39/100) -> 35.503784 | H39: 3550.3784
... B44: D-Core 99 | C44: solid | D44: 26 | E44: 100 | F44: Spool | G44: =(H44/100) -> 97.93127 | H44: 9793.127
B46: D-Cup 99
B47: D-Cup 99 | C47: mix grey + colour | D47: 4 | E47: 200 | F47: Spool | G47: =(H47/100) -> 2.7976576 | H47: 279.76576
B48: D-Cup 99 | C48: mix grey + colour | D48: 5 | E48: 200 | F48: Spool | G48: =(H48/100) -> 3.5867492 | H48: 358.67492
B49: D-Cup 99 | C49: mix grey + colour | D49: 6 | E49: 200 | F49: Spool | G49: =(H49/100) -> 3.8601031 | H49: 386.01031
B50: D-Cup 99 | C50: mix grey + colour | D50: 7 | E50: 200 | F50: Spool | G50: =(H50/100) -> 4.7030797 | H50: 470.30797
B51: D-Cup 99 | C51: mix grey + colour | D51: 8 | E51: 200 | F51: Spool | G51: =(H51/100) -> 7.7692068 | H51: 776.92068
B52: D-Cup 99 | C52: mix grey + colour | D52: 9 | E52: 200 | F52: Spool | G52: =(H52/100) -> 9.2903644 | H52: 929.03644
B53: D-Cup 99 | C53: mix grey + colour | D53: 10 | E53: 200 | F53: Spool | G53: =(H53/100) -> 10.389478 | H53: 1038.9478
B54: D-Cup 99 | C54: mix grey + colour | D54: 11 | E54: 200 | F54: Spool | G54: =(H54/100) -> 13.669108 | H54: 1366.9108
B55: D-Cup 99 | C55: mix grey + colour | D55: 12 | E55: 200 | F55: Spool | G55: =(H55/100) -> 15.152239 | H55: 1515.2239
B56: D-Cup 99 | C56: mix grey + colour | D56: 14 | E56: 100 | F56: Spool | G56: =(H56/100) -> 21.320876 | H56: 2132.0876
B57: D-Cup 99 | C57: mix grey + colour | D57: 16 | E57: 100 | F57: Spool | G57: =(H57/100) -> 25.843487 | H57: 2584.3487
B58: D-Cup 99 | C58: mix grey + colour | D58: 18 | E58: 100 | F58: Spool | G58: =(H58/100) -> 33.717313 | H58: 3371.7313
B59: D-Cup 99 | C59: mix grey + colour | D59: 20 | E59: 100 | F59: Spool | G59: =(H59/100) -> 40.460776 | H59: 4046.0776
B61: D-Cup 99 Kmix
B62: D-Cup 99 Kmix | C62: mix grey + colour | D62: 5 | E62: 200 | F62: Spool | G62: =(H62/100) -> 3.7514648 | H62: 375.14648
B63: D-Cup 99 Kmix | C63: mix grey + colour | D63: 6 | E63: 200 | F63: Spool | G63: =(H63/100) -> 4.2442916 | H63: 424.42916
B64: D-Cup 99 Kmix | C64: mix grey + colour | D64: 7 | E64: 200 | F64: Spool | G64: =(H64/100) -> 4.9469946 | H64: 494.69946
B65: D-Cup 99 Kmix | C65: mix grey + colour | D65: 8 | E65: 200 | F65: Spool | G65: =(H65/100) -> 8.211618 | H65: 821.1618
B66: D-Cup 99 Kmix | C66: mix grey + colour | D66: 9 | E66: 200 | F66: Spool | G66: =(H66/100) -> 9.9446152 | H66: 994.46152
B67: D-Cup 99 Kmix | C67: mix grey + colour | D67: 10 | E67: 200 | F67: Spool | G67: =(H67/100) -> 11.534566 | H67: 1153.4566
B68: D-Cup 99 Kmix | C68: mix grey + colour | D68: 11 | E68: 200 | F68: Spool | G68: =(H68/100) -> 16.348441 | H68: 1634.8441
B69: D-Cup 99 Kmix | C69: mix grey + colour | D69: 12 | E69: 200 | F69: Spool | G69: =(H69/100) -> 16.507451 | H69: 1650.7451
B71: D-Cup 99 Kmix KV
B72: D-Cup 99 Kmix KV | C72: mix kevlar + colour | D72: 6 | E72: 200 | F72: Spool | G72: =(H72/100) -> 5.1593089 | H72: 515.93089
B73: D-Cup 99 Kmix KV | C73: mix kevlar + colour | D73: 7 | E73: 200 | F73: Spool | G73: =(H73/100) -> 6.7098 | H73: 670.98
B74: D-Cup 99 Kmix KV | C74: mix kevlar + colour | D74: 8 | E74: 200 | F74: Spool | G74: =(H74/100) -> 9.5814857 | H74: 958.14857
B75: D-Cup 99 Kmix KV | C75: mix kevlar + colour | D75: 9 | E75: 200 | F75: Spool | G75: =(H75/100) -> 12.106133 | H75: 1210.6133
B76: D-Cup 99 Kmix KV | C76: mix kevlar + colour | D76: 10 | E76: 200 | F76: Spool | G76: =(H76/100) -> 13.855144 | H76: 1385.5144
B77: D-Cup 99 Kmix KV | C77: mix kevlar + colour | D77: 11 | E77: 200 | F77: Spool | G77: =(H77/100) -> 17.779896 | H77: 1777.9896
B78: D-Cup 99 Kmix KV | C78: mix kevlar + colour | D78: 12 | E78: 200 | F78: Spool | G78: =(H78/100) -> 19.2817 | H78: 1928.17
B79: D-Cup 99 Kmix KV | C79: mix kevlar + colour | D79: 14 | E79: 100 | F79: Spool | G79: =(H79/100) -> 26.889069 | H79: 2688.9069
B80: D-Cup 99 Kmix KV | C80: mix kevlar + colour | D80: 16 | E80: 100 | F80: Spool | G80: =(H80/100) -> 32.445046 | H80: 3244.5046
B81: D-Cup 99 Kmix KV | C81: mix kevlar + colour | D81: 18 | E81: 100 | F81: Spool | G81: =(H81/100) -> 41.568 | H81: 4156.8
B83: D-Cup 99 Kmix TN
B84: D-Cup 99 Kmix TN | C84: mix black technora + colour | D84: 6 | E84: 200 | F84: Spool | G84: =(H84/100) -> 5.5 | H84: 550
B85: D-Cup 99 Kmix TN | C85: mix black technora + colour | D85: 7 | E85: 200 | F85: Spool | G85: =(H85/100) -> 7.5 | H85: 750
B86: D-Cup 99 Kmix TN | C86: mix black technora + colour | D86: 8 | E86: 200 | F86: Spool | G86: =(H86/100) -> 9.5 | H86: 950
B87: D-Cup 99 Kmix TN | C87: mix black technora + colour | D87: 9 | E87: 200 | F87: Spool | G87: =(H87/100) -> 12.071988 | H87: 1207.1988
B88: D-Cup 99 Kmix TN | C88: mix black technora + colour | D88: 10 | E88: 200 | F88: Spool | G88: =(H88/100) -> 14.025511 | H88: 1402.5511
B89: D-Cup 99 Kmix TN | C89: mix black technora + colour | D89: 11 | E89: 200 | F89: Spool | G89: =(H89/100) -> 19.112347 | H89: 1911.2347
B90: D-Cup 99 Kmix TN | C90: mix black technora + colour | D90: 12 | E90: 200 | F90: Spool | G90: =(H90/100) -> 19.95957 | H90: 1995.957
B91: D-Cup 99 Kmix TN | C91: mix black technora + colour | D91: 14 | E91: 100 | F91: Spool | G91: =(H91/100) -> 28.367194 | H91: 2836.7194
B92: D-Cup 99 Kmix TN | C92: mix black technora + colour | D92: 16 | E92: 100 | F92: Spool | G92: =(H92/100) -> 34.810869 | H92: 3481.0869
B93: D-Cup 99 Kmix TN | C93: mix black technora + colour | D93: 18 | E93: 100 | F93: Spool | G93: =(H93/100) -> 43.229213 | H93: 4322.9213
B94: D-Cup 99 Kmix TN | C94: mix black technora + colour | D94: 20 | E94: 100 | F94: Spool | G94: =(H94/100) -> 52.351497 | H94: 5235.1497
B96: D-Cup 99 Kmix VT
B97: D-Cup 99 Kmix VT | C97: mix vectran + colour | D97: 6 | E97: 200 | F97: Spool | G97: =(H97/100) -> 4.8227179 | H97: 482.27179
B98: D-Cup 99 Kmix VT | C98: mix vectran + colour | D98: 7 | E98: 200 | F98: Spool | G98: =(H98/100) -> 5.9138097 | H98: 591.38097
B99: D-Cup 99 Kmix VT | C99: mix vectran + colour | D99: 8 | E99: 200 | F99: Spool | G99: =(H99/100) -> 9.3600623 | H99: 936.00623
B100: D-Cup 99 Kmix VT | C100: mix vectran + colour | D100: 9 | E100: 200 | F100: Spool | G100: =(H100/100) -> 11.432198 | H100: 1143.2198
B101: D-Cup 99 Kmix VT | C101: mix vectran + colour | D101: 10 | E101: 200 | F101: Spool | G101: =(H101/100) -> 13.189972 | H101: 1318.9972
B102: D-Cup 99 Kmix VT | C102: mix vectran + colour | D102: 11 | E102: 200 | F102: Spool | G102: =(H102/100) -> 17.966866 | H102: 1796.6866
B103: D-Cup 99 Kmix VT | C103: mix vectran + colour | D103: 12 | E103: 200 | F103: Spool | G103: =(H103/100) -> 18.95517 | H103: 1895.517
B104: D-Cup 99 Kmix VT | C104: mix vectran + colour | D104: 14 | E104: 100 | F104: Spool | G104: =(H104/100) -> 26.969066 | H104: 2696.9066
B105: D-Cup 99 Kmix VT | C105: mix vectran + colour | D105: 16 | E105: 100 | F105: Spool | G105: =(H105/100) -> 33.17619 | H105: 3317.619
B106: D-Cup 99 Kmix VT | C106: mix vectran + colour | D106: 18 | E106: 100 | F106: Spool | G106: =(H106/100) -> 41.469713 | H106: 4146.9713
B107: D-Cup 99 Kmix VT | C107: mix vectran + colour | D107: 20 | E107: 100 | F107: Spool | G107: =(H107/100) -> 50.129937 | H107: 5012.9937
B109: D-Cup 99 Kmix PBO/VT
B110: D-Cup 99 Kmix PBO/VT | C110: mix pbo + vectran | D110: 8 | E110: 200 | F110: Spool | G110: =(H110/100) -> 24.603891 | H110: 2460.3891
B111: D-Cup 99 Kmix PBO/VT | C111: mix pbo + vectran | D111: 9 | E111: 200 | F111: Spool | G111: =(H111/100) -> 26.592532 | H111: 2659.2532
B112: D-Cup 99 Kmix PBO/VT | C112: mix pbo + vectran | D112: 10 | E112: 200 | F112: Spool | G112: =(H112/100) -> 32.105372 | H112: 3210.5372
B113: D-Cup 99 Kmix PBO/VT | C113: mix pbo + vectran | D113: 12 | E113: 200 | F113: Spool | G113: =(H113/100) -> 45.094931 | H113: 4509.4931
B114: D-Cup 99 Kmix PBO/VT | C114: mix pbo + vectran | D114: 14 | E114: 100 | F114: Spool | G114: =(H114/100) -> 61.173923 | H114: 6117.3923
B115: D-Cup 99 Kmix PBO/VT | C115: mix pbo + vectran | D115: 16 | E115: 100 | F115: Spool | G115: =(H115/100) -> 80.492156 | H115: 8049.2156
B116: D-Cup 99 Kmix PBO/VT | C116: mix pbo + vectran | D116: 18 | E116: 100 | F116: Spool | G116: =(H116/100) -> 100.82812 | H116: 10082.812
B118: D-Cup 99 Kmix PBO
B119: D-Cup 99 Kmix PBO | C119: mix pbo + colour | D119: 6 | E119: 200 | F119: Spool | G119: =(H119/100) -> 10.442974 | H119: 1044.2974
B120: D-Cup 99 Kmix PBO | C120: mix pbo + colour | D120: 8 | E120: 200 | F120: Spool | G120: =(H120/100) -> 22.493174 | H120: 2249.3174
B121: D-Cup 99 Kmix PBO | C121: mix pbo + colour | D121: 9 | E121: 200 | F121: Spool | G121: =(H121/100) -> 24.526951 | H121: 2452.6951
B122: D-Cup 99 Kmix PBO | C122: mix pbo + colour | D122: 10 | E122: 200 | F122: Spool | G122: =(H122/100) -> 29.267731 | H122: 2926.7731
B123: D-Cup 99 Kmix PBO | C123: mix pbo + colour | D123: 11 | E123: 200 | F123: Spool | G123: =(H123/100) -> 45.320924 | H123: 4532.0924
B124: D-Cup 99 Kmix PBO | C124: mix pbo + colour | D124: 12 | E124: 200 | F124: Spool | G124: =(H124/100) -> 41.962358 | H124: 4196.2358
B125: D-Cup 99 Kmix PBO | C125: mix pbo + colour | D125: 14 | E125: 100 | F125: Spool | G125: =(H125/100) -> 51.16 | H125: 5116
B126: D-Cup 99 Kmix PBO | C126: mix pbo + colour | D126: 16 | E126: 100 | F126: Spool | G126: =(H126/100) -> 74.499675 | H126: 7449.9675
B127: D-Cup 99 Kmix PBO | C127: mix pbo + colour | D127: 18 | E127: 100 | F127: Spool | G127: =(H127/100) -> 93.215391 | H127: 9321.5391
B129: D-Cup 99 PBO
B130: D-Cup 99 PBO | C130: 100% pbo cover | D130: 8 | E130: 200 | F130: Spool | G130: =(H130/100) -> 39.605217 | H130: 3960.5217
...

Sheet Skincovers
B10: PRICE LIST
B11: ='Pro Race'!B12 -> ref. 01-2017
B13: prices are ex-taxes and can be changed without prior notice
B14: position EXW Factory Portugal
B15: alpha ropes®
B16: ='Pro Race'!B17 -> valid from January 1st, 2017
B24: SKINCOVERS | G24: Suggested Retail Price
B26: Product | C26: Colour | D26: Diam. | E26: Mts | G26: Retail €/mt | H26: Retail €/100mt
B27: SkinCover PES
B28: SkinCover PES | C28: mix grey + colour | D28: 4 to 7 | E28: 100 | F28: Spool | G28: =(H28/100) -> 0.59267368 | H28: 59.267368
B29: SkinCover PES | C29: mix grey + colour | D29: 8 to 11 | E29: 100 | F29: Spool | G29: =(H29/100) -> 0.75410526 | H29: 75.410526
B30: SkinCover PES | C30: mix grey + colour | D30: 12 to 14 | E30: 100 | F30: Spool | G30: =(H30/100) -> 1.1067158 | H30: 110.67158
B31: SkinCover PES | C31: mix grey + colour | D31: 16 to 18 | E31: 100 | F31: Spool | G31: =(H31/100) -> 1.7260295 | H31: 172.60295
B32: SkinCover PES | C32: mix grey + colour | D32: core 25mm | E32: 100 | F32: Spool | G32: =(H32/100) -> 3.1872 | H32: 318.72
B33: SkinCover PES | C33: mix grey + colour | D33: core 30mm | E33: 100 | F33: Spool | G33: =(H33/100) -> 4.5291789 | H33: 452.91789
B34: SkinCover PES | C34: mix grey + colour | D34: core 35mm | E34: 100 | F34: Spool | G34: =(H34/100) -> 5.3679158 | H34: 536.79158
B36: SkinCover KMIX
B37: SkinCover KMIX | C37: mix grey + colour | D37: 4 to 7 | E37: 100 | F37: Spool | G37: =(H37/100) -> 0.96559158 | H37: 96.559158
B38: SkinCover KMIX | C38: mix grey + colour | D38: 8 to 11 | E38: 100 | F38: Spool | G38: =(H38/100) -> 1.4895158 | H38: 148.95158
B39: SkinCover KMIX | C39: mix grey + colour | D39: 12 to 14 | E39: 100 | F39: Spool | G39: =(H39/100) -> 3.5580632 | H39: 355.80632
B41: SkinCover KMIX Special
B42: SkinCover KMIX Special | C42: mix white + colour | D42: 4 to 7 | E42: 100 | F42: Spool | G42: =(H42/100) -> 1.7992758 | H42: 179.92758
B43: SkinCover KMIX Special | C43: mix white + colour | D43: 8 to 11 | E43: 100 | F43: Spool | G43: =(H43/100) -> 4.5116211 | H43: 451.16211
B44: SkinCover KMIX Special | C44: mix white + colour | D44: 12 to 14 | E44: 100 | F44: Spool | G44: =(H44/100) -> 8.0155453 | H44: 801.55453
B46: SkinCover Kmix KV
B47: SkinCover Kmix KV | C47: mix kevlar + colour | D47: 4 to 7 | E47: 100 | F47: Spool | G47: =(H47/100) -> 1.8416842 | H47: 184.16842
B48: SkinCover Kmix KV | C48: mix kevlar + colour | D48: 8 to 11 | E48: 100 | F48: Spool | G48: =(H48/100) -> 3.1815789 | H48: 318.15789
B49: SkinCover Kmix KV | C49: mix kevlar + colour | D49: 12 to 14 | E49: 100 | F49: Spool | G49: =(H49/100) -> 5.0289474 | H49: 502.89474
B50: SkinCover Kmix KV | C50: mix kevlar + colour | D50: 16 to 18 | E50: 100 | F50: Spool | G50: =(H50/100) -> 8.9810526 | H50: 898.10526
B52: SkinCover Kmix TN
B53: SkinCover Kmix TN | C53: mix black technora + colour | D53: 4 to 7 | E53: 100 | F53: Spool | G53: =(H53/100) -> 2.1401053 | H53: 214.01053
B54: SkinCover Kmix TN | C54: mix black technora + colour | D54: 8 to 11 | E54: 100 | F54: Spool | G54: =(H54/100) -> 3.7526316 | H54: 375.26316
B55: SkinCover Kmix TN | C55: mix black technora + colour | D55: 12 to 14 | E55: 100 | F55: Spool | G55: =(H55/100) -> 5.9315789 | H55: 593.15789
B56: SkinCover Kmix TN | C56: mix black technora + colour | D56: 16 to 18 | E56: 100 | F56: Spool | G56: =(H56/100) -> 10.727368 | H56: 1072.7368
B58: SkinCover Kmix TN MAXI 70%
B59: SkinCover Kmix TN MAXI | C59: mix black technora + colour | D59: 8 to 11 | E59: 100 | F59: Spool | G59: =(H59/100) -> 4.9919158 | H59: 499.19158
B60: SkinCover Kmix TN MAXI | C60: mix black technora + colour | D60: 12 to 15 | E60: 100 | F60: Spool | G60: =(H60/100) -> 9.495 | H60: 949.5
B62: SkinCover Kmix VT
B63: SkinCover Kmix VT | C63: mix vectran beige + colour | D63: 4 to 7 | E63: 100 | F63: Spool | G63: =(H63/100) -> 1.7990526 | H63: 179.90526
B64: SkinCover Kmix VT | C64: mix vectran beige + colour | D64: 8 to 11 | E64: 100 | F64: Spool | G64: =(H64/100) -> 3.1 | H64: 310
B65: SkinCover Kmix VT | C65: mix vectran beige + colour | D65: 12 to 14 | E65: 100 | F65: Spool | G65: =(H65/100) -> 4.9 | H65: 490
B66: SkinCover Kmix VT | C66: mix vectran beige + colour | D66: 16 to 18 | E66: 100 | F66: Spool | G66: =(H66/100) -> 8.7315789 | H66: 873.15789
B68: SkinCover Kmix PBO
B69: SkinCover Kmix PBO | C69: mix pbo + colour | D69: 4 to 7 | E69: 100 | F69: Spool | G69: =(H69/100) -> 9.9892 | H69: 998.92
B70: SkinCover Kmix PBO | C70: mix pbo + colour | D70: 8 to 11 | E70: 100 | F70: Spool | G70: =(H70/100) -> 18.5984 | H70: 1859.84
B71: SkinCover Kmix PBO | C71: mix pbo + colour | D71: 12 to 14 | E71: 100 | F71: Spool | G71: =(H71/100) -> 30.2224 | H71: 3022.24
B72: SkinCover Kmix PBO | C72: mix pbo + colour | D72: 16 to 18 | E72: 100 | F72: Spool | G72: =(H72/100) -> 54.377432 | H72: 5437.7432
B74: SkinCover VT
B75: SkinCover VT | C75: solid vectran beige | D75: 4 to 7 | E75: 100 | F75: Spool | G75: =(H75/100) -> 3.1850526 | H75: 318.50526
B76: SkinCover VT | C76: solid vectran beige | D76: 8 to 11 | E76: 100 | F76: Spool | G76: =(H76/100) -> 5.27 | H76: 527
B77: SkinCover VT | C77: solid vectran beige | D77: 12 to 14 | E77: 100 | F77: Spool | G77: =(H77/100) -> 8.33 | H77: 833
B78: SkinCover VT | C78: solid vectran beige | D78: 16 to 18 | E78: 100 | F78: Spool | G78: =(H78/100) -> 13.155579 | H78: 1315.5579
B80: SkinCover Kmix PBO/VT
B81: SkinCover Kmix PBO/VT | C81: mix pbo + vectran | D81: 4 to 7 | E81: 100 | F81: Spool | G81: =(H81/100) -> 12.425 | H81: 1242.5
B82: SkinCover Kmix PBO/VT | C82: mix pbo + vectran | D82: 8 to 11 | E82: 100 | F82: Spool | G82: =(H82/100) -> 20.704 | H82: 2070.4
B84: SkinCover PBO
B85: SkinCover PBO | C85: solid pbo | D85: 4 to 7 | E85: 100 | F85: Spool | G85: =(H85/100) -> 17.538857 | H85: 1753.8857
B86: SkinCover PBO | C86: solid pbo | D86: 8 to 11 | E86: 100 | F86: Spool | G86: =(H86/100) -> 28.752429 | H86: 2875.2429
B87: SkinCover PBO | C87: solid pbo | D87: 12 to 14 | E87: 100 | F87: Spool | G87: =(H87/100) -> 48.792 | H87: 4879.2
B88: SkinCover PBO | C88: solid pbo | D88: 16 to 18 | E88: 100 | F88: Spool | G88: =(H88/100) -> 72.9504 | H88: 7295.04
B90: D-Cover 32
B91: D-Cover 32 | C91: white | D91: 4 to 7 | E91: 100 | F91: Spool | G91: =(H91/100) -> 1.911868 | H91: 191.1868
B92: D-Cover 32 | C92: white | D92: 8 to 11 | E92: 100 | F92: Spool | G92: =(H92/100) -> 2.848768 | H92: 284.8768
B93: D-Cover 32 | C93: white | D93: 12 to 14 | E93: 100 | F93: Spool | G93: =(H93/100) -> 4.6748 | H93: 467.48
B94: D-Cover 32 | C94: white | D94: 16 to 18 | E94: 100 | F94: Spool | G94: =(H94/100) -> 7.2744 | H94: 727.44
B95: D-Cover 32 | C95: white | D95: core 30mm | E95: 101 | F95: Spool | G95: =(H95/100) -> 25.485 | H95: 2548.5
B97: D-Cover 40
B98: D-Cover 40 | C98: white | D98: 4 to 7 | E98: 100 | F98: Spool | G98: =(H98/100) -> 1.912 | H98: 191.2
B99: D-Cover 40 | C99: white | D99: 8 to 11 | E99: 100 | F99: Spool | G99: =(H99/100) -> 2.936 | H99: 293.6
B123: prices can be changed without prior notice
B124: alpha ropes®
B125: November 1st, 2010

Sheet Regatta
B10: ='Pro Race'!B11 -> PRICE LIST
B11: ='Pro Race'!B12 -> ref. 01-2017
B13: ='Pro Race'!B14 -> prices are ex-taxes and can be changed without prior notice
B14: ='Pro Race'!B15 -> position EXW Factory Portugal
B15: ='Pro Race'!B16 -> alpha ropes®
B16: ='Pro Race'!B17 -> valid from January 1st, 2017
B24: REGATTA | G24: Suggested Retail Price
B26: Product | C26: Colour | D26: Diam. | E26: Mts | G26: ='Pro Race'!G26 -> Retail €/mt | H26: ='Pro Race'!H26 -> Retail €/100mt
B27: D-Core 78
B28: D-Core 78 | C28: solid | D28: 2.5 | E28: 200 | F28: Spool | G28: =(H28/100) -> 0.8303175 | H28: 83.03175
B29: D-Core 78 | C29: solid | D29: 3 | E29: 200 | F29: Spool | G29: =(H29/100) -> 1.3127813 | H29: 131.27813
B30: D-Core 78 | C30: solid | D30: 4 | E30: 200 | F30: Spool | G30: =(H30/100) -> 1.8109014 | H30: 181.09014
B31: D-Core 78 | C31: solid | D31: 5 | E31: 200 | F31: Spool | G31: =(H31/100) -> 3.423 | H31: 342.3
B32: D-Core 78 | C32: solid | D32: 6 | E32: 200 | F32: Spool | G32: =(H32/100) -> 4.62495 | H32: 462.495
B33: D-Core 78 | C33: solid | D33: 7 | E33: 200 | F33: Spool | G33: =(H33/100) -> 5.8863 | H33: 588.63
B34: D-Core 78 | C34: solid | D34: 8 | E34: 200 | F34: Spool | G34: =(H34/100) -> 8.1505125 | H34: 815.05125
B35: D-Core 78 | C35: solid | D35: 9 | E35: 200 | F35: Spool | G35: =(H35/100) -> 11.076337 | H35: 1107.6337
B36: D-Core 78 | C36: solid | D36: 10 | E36: 200 | F36: Spool | G36: =(H36/100) -> 12.748238 | H36: 1274.8238
B37: D-Core 78 | C37: solid | D37: 12 | E37: 200 | F37: Spool | G37: =(H37/100) -> 14.538261 | H37: 1453.8261
B38: D-Core 78 | C38: solid | D38: 14 | E38: 100 | F38: Spool | G38: =(H38/100) -> 16.411622 | H38: 1641.1622
B39: D-Core 78 | C39: solid | D39: 16 | E39: 100 | F39: Spool | G39: =(H39/100) -> 21.882162 | H39: 2188.2162
... B43: D-Core 78 | C43: solid | D43: 24 | E43: 100 | F43: Spool | G43: =(H43/100) -> 42.305514 | H43: 4230.5514
B45: V-Core
B46: V-Core | C46: solid natural | D46: 3 | E46: 200 | F46: Spool | G46: =(H46/100) -> 1.4525902 | H46: 145.25902
B47: V-Core | C47: solid natural | D47: 4 | E47: 200 | F47: Spool | G47: =(H47/100) -> 1.723025 | H47: 172.3025
B48: V-Core | C48: solid natural | D48: 5 | E48: 200 | F48: Spool | G48: =(H48/100) -> 3.262875 | H48: 326.2875
B49: V-Core | C49: solid natural | D49: 6 | E49: 200 | F49: Spool | G49: =(H49/100) -> 4.338 | H49: 433.8
B50: V-Core | C50: solid natural | D50: 7 | E50: 200 | F50: Spool | G50: =(H50/100) -> 5.6394 | H50: 563.94
B51: V-Core | C51: solid natural | D51: 8 | E51: 200 | F51: Spool | G51: =(H51/100) -> 7.741575 | H51: 774.1575
B52: V-Core | C52: solid natural | D52: 9 | E52: 200 | F52: Spool | G52: =(H52/100) -> 10.809533 | H52: 1080.9533
B53: V-Core | C53: solid natural | D53: 10 | E53: 200 | F53: Spool | G53: =(H53/100) -> 12.6159 | H53: 1261.59
B54: V-Core | C54: solid natural | D54: 12 | E54: 200 | F54: Spool | G54: =(H54/100) -> 15.339788 | H54: 1533.9788
B55: V-Core | C55: solid natural | D55: 14 | E55: 100 | F55: Spool | G55: =(H55/100) -> 18.007125 | H55: 1800.7125
B56: V-Core | C56: solid natural | D56: 16 | E56: 100 | F56: Spool | G56: =(H56/100) -> 24.832406 | H56: 2483.2406
B58: V-Cup
B59: V-Cup | C59: solid | D59: 8 | E59: 200 | F59: Spool | G59: =(H59/100) -> 4.1154864 | H59: 411.54864
B60: V-Cup | C60: solid | D60: 10 | E60: 200 | F60: Spool | G60: =(H60/100) -> 6.6052831 | H60: 660.52831
B61: V-Cup | C61: solid | D61: 12 | E61: 200 | F61: Spool | G61: =(H61/100) -> 9.530625 | H61: 953.0625
B62: V-Cup | C62: solid | D62: 14 | E62: 100 | F62: Spool | G62: =(H62/100) -> 14.168391 | H62: 1416.8391
B63: V-Cup | C63: solid | D63: 16 | E63: 100 | F63: Spool | G63: =(H63/100) -> 19.011544 | H63: 1901.1544
B64: V-Cup | C64: solid | D64: 18 | E64: 100 | F64: Spool | G64: =(H64/100) -> 23.385881 | H64: 2338.5881
B65: V-Cup | C65: solid | D65: 24 | E65: 100 | F65: Spool | G65: =(H65/100) -> 47.127548 | H65: 4712.7548
B67: D-Cup 78
B68: D-Cup 78 | C68: mix grey + colour | D68: 5 | E68: 200 | F68: Spool | G68: =(H68/100) -> 2.4776644 | H68: 247.76644
B69: D-Cup 78 | C69: mix grey + colour | D69: 6 | E69: 200 | F69: Spool | G69: =(H69/100) -> 2.5992488 | H69: 259.92488
B70: D-Cup 78 | C70: mix grey + colour | D70: 7 | E70: 200 | F70: Spool | G70: =(H70/100) -> 3.1206051 | H70: 312.06051
B71: D-Cup 78 | C71: mix grey + colour | D71: 8 | E71: 200 | F71: Spool | G71: =(H71/100) -> 5.1452746 | H71: 514.52746
B72: D-Cup 78 | C72: mix grey + colour | D72: 9 | E72: 200 | F72: Spool | G72: =(H72/100) -> 6.0762966 | H72: 607.62966
B73: D-Cup 78 | C73: mix grey + colour | D73: 10 | E73: 200 | F73: Spool | G73: =(H73/100) -> 6.8358508 | H73: 683.58508
B74: D-Cup 78 | C74: mix grey + colour | D74: 12 | E74: 200 | F74: Spool | G74: =(H74/100) -> 9.7361194 | H74: 973.61194
B75: D-Cup 78 | C75: mix grey + colour | D75: 14 | E75: 100 | F75: Spool | G75: =(H75/100) -> 13.675121 | H75: 1367.5121
B76: D-Cup 78 | C76: mix grey + colour | D76: 16 | E76: 100 | F76: Spool | G76: =(H76/100) -> 16.663164 | H76: 1666.3164
B77: D-Cup 78 | C77: mix grey + colour | D77: 18 | E77: 100 | F77: Spool | G77: =(H77/100) -> 19.738209 | H77: 1973.8209
B78: D-Cup 78 | C78: mix grey + colour | D78: 20 | E78: 100 | F78: Spool | H78: 2691.446
B80: D-Cup 78 Kmix
B81: D-Cup 78 Kmix | C81: mix grey + colour | D81: 5 | E81: 200 | F81: Spool | G81: =(H81/100) -> 2.6058468 | H81: 260.58468
B82: D-Cup 78 Kmix | C82: mix grey + colour | D82: 6 | E82: 200 | F82: Spool | G82: =(H82/100) -> 2.8881511 | H82: 288.81511
B83: D-Cup 78 Kmix | C83: mix grey + colour | D83: 7 | E83: 200 | F83: Spool | G83: =(H83/100) -> 3.3212489 | H83: 332.12489
B84: D-Cup 78 Kmix | C84: mix grey + colour | D84: 8 | E84: 200 | F84: Spool | G84: =(H84/100) -> 5.4712855 | H84: 547.12855
B85: D-Cup 78 Kmix | C85: mix grey + colour | D85: 9 | E85: 200 | F85: Spool | G85: =(H85/100) -> 6.5619946 | H85: 656.19946
B86: D-Cup 78 Kmix | C86: mix grey + colour | D86: 10 | E86: 200 | F86: Spool | G86: =(H86/100) -> 7.6943186 | H86: 769.43186
B87: D-Cup 78 Kmix | C87: mix grey + colour | D87: 12 | E87: 200 | F87: Spool | G87: =(H87/100) -> 10.924682 | H87: 1092.4682
B88: D-Cup 78 Kmix | C88: mix grey + colour | D88: 14 | E88: 100 | F88: Spool | G88: =(H88/100) -> 15.057457 | H88: 1505.7457
B89: D-Cup 78 Kmix | C89: mix grey + colour | D89: 16 | E89: 100 | F89: Spool | G89: =(H89/100) -> 18.049461 | H89: 1804.9461
B90: D-Cup 78 Kmix | C90: mix grey + colour | D90: 18 | E90: 100 | F90: Spool | G90: =(H90/100) -> 23.473433 | H90: 2347.3433
B92: D-Cup 78 Kmix TN
B93: D-Cup 78 Kmix TN | C93: mix black technora + colour | D93: 6 | E93: 200 | F93: Spool | G93: =(H93/100) -> 3.8462731 | H93: 384.62731
B94: D-Cup 78 Kmix TN | C94: mix black technora + colour | D94: 7 | E94: 200 | F94: Spool | G94: =(H94/100) -> 4.7263603 | H94: 472.63603
B95: D-Cup 78 Kmix TN | C95: mix black technora + colour | D95: 8 | E95: 200 | F95: Spool | G95: =(H95/100) -> 7.5694806 | H95: 756.94806
B96: D-Cup 78 Kmix TN | C96: mix black technora + colour | D96: 9 | E96: 200 | F96: Spool | G96: =(H96/100) -> 8.8819755 | H96: 888.19755
B97: D-Cup 78 Kmix TN | C97: mix black technora + colour | D97: 10 | E97: 200 | F97: Spool | G97: =(H97/100) -> 10.491886 | H97: 1049.1886
B98: D-Cup 78 Kmix TN | C98: mix black technora + colour | D98: 11 | E98: 200 | F98: Spool | G98: =(H98/100) -> 12.71708 | H98: 1271.708
B99: D-Cup 78 Kmix TN | C99: mix black technora + colour | D99: 12 | E99: 200 | F99: Spool | G99: =(H99/100) -> 13.746025 | H99: 1374.6025
B100: D-Cup 78 Kmix TN | C100: mix black technora + colour | D100: 14 | E100: 100 | F100: Spool | G100: =(H100/100) -> 19.451266 | H100: 1945.1266
B101: D-Cup 78 Kmix TN | C101: mix black technora + colour | D101: 16 | E101: 100 | F101: Spool | G101: =(H101/100) -> 23.824114 | H101: 2382.4114
B102: D-Cup 78 Kmix TN | C102: mix black technora + colour | D102: 18 | E102: 100 | F102: Spool | G102: =(H102/100) -> 29.007009 | H102: 2900.7009
B103: D-Cup 78 Kmix TN | C103: mix black technora + colour | D103: 20 | E103: 100 | F103: Spool | G103: =(H103/100) -> 35.519857 | H103: 3551.9857
B105: Top Cruiser MAX
B106: Top Cruiser MAX | C106: colour + colour | D106: 6 | E106: 200 | F106: Spool | G106: =(H106/100) -> 2.10084 | H106: 210.084
B107: Top Cruiser MAX | C107: colour + colour | D107: 8 | E107: 200 | F107: Spool | G107: =(H107/100) -> 4.0939657 | H107: 409.39657
B108: Top Cruiser MAX | C108: colour + colour | D108: 10 | E108: 200 | F108: Spool | G108: =(H108/100) -> 5.3948585 | H108: 539.48585
B109: Top Cruiser MAX | C109: colour + colour | D109: 11 | E109: 200 | F109: Spool | G109: =(H109/100) -> 5.7613819 | H109: 576.13819
B110: Top Cruiser MAX | C110: colour + colour | D110: 12 | E110: 200 | F110: Spool | G110: =(H110/100) -> 6.8346583 | H110: 683.46583
B111: Top Cruiser MAX | C111: colour + colour | D111: 14 | E111: 200 | F111: Spool | G111: =(H111/100) -> 9.3862139 | H111: 938.62139
B112: Top Cruiser MAX | C112: colour + colour | D112: 16 | E112: 200 | F112: Spool | G112: =(H112/100) -> 11.018236 | H112: 1101.8236
B113: Top Cruiser MAX | C113: colour + colour | D113: 18 | E113: 200 | F113: Spool | G113: =(H113/100) -> 13.504125 | H113: 1350.4125
B114: Top Cruiser MAX | C114: colour + colour | D114: 20 | E114: 200 | F114: Spool | G114: =(H114/100) -> 16.985341 | H114: 1698.5341
B115: Top Cruiser MAX | C115: colour + colour | D115: 24 | E115: 200 | F115: Spool | G115: =(H115/100) -> 24.389783 | H115: 2438.9783
B116: Top Cruiser MAX | C116: colour + colour | D116: 28 | E116: 200 | F116: Spool | G116: =(H116/100) -> 33.176612 | H116: 3317.6612
B118: Top Cruiser MAX Kmix
B119: Top Cruiser MAX Kmix | C119: colour + colour | D119: 6 | E119: 200 | F119: Spool | G119: =(H119/100) -> 2.2792236 | H119: 227.92236
B120: Top Cruiser MAX Kmix | C120: colour + colour | D120: 7 | E120: 200 | F120: Spool | G120: =(H120/100) -> 2.6494909 | H120: 264.94909
B121: Top Cruiser MAX Kmix | C121: colour + colour | D121: 8 | E121: 200 | F121: Spool | G121: =(H121/100) -> 3.9373486 | H121: 393.73486
B122: Top Cruiser MAX Kmix | C122: colour + colour | D122: 10 | E122: 200 | F122: Spool | G122: =(H122/100) -> 5.3769378 | H122: 537.69378
B123: Top Cruiser MAX Kmix | C123: colour + colour | D123: 12 | E123: 200 | F123: Spool | G123: =(H123/100) -> 6.7013417 | H123: 670.13417
B125: Ultraneema Pro
B126: Ultraneema Pro | C126: white + colour | D126: 8 | E126: 200 | F126: Spool | G126: =(H126/100) -> 4.4116271 | H126: 441.16271
B127: Ultraneema Pro | C127: white + colour | D127: 10 | E127: 200 | F127: Spool | G127: =(H127/100) -> 5.7411153 | H127: 574.11153
B128: Ultraneema Pro | C128: white + colour | D128: 12 | E128: 200 | F128: Spool | G128: =(H128/100) -> 7.3051875 | H128: 730.51875
B129: Ultraneema Pro | C129: white + colour | D129: 14 | E129: 100 | F129: Spool | G129: =(H129/100) -> 10.038909 | H129: 1003.8909
...

Sheet Classic
B10: ='Pro Race'!B11 -> PRICE LIST
B11: ='Pro Race'!B12 -> ref. 01-2017
B13: ='Pro Race'!B14 -> prices are ex-taxes and can be changed without prior notice
B14: ='Pro Race'!B15 -> position EXW Factory Portugal
B15: ='Pro Race'!B16 -> alpha ropes®
B16: ='Pro Race'!B17 -> valid from January 1st, 2017
B24: CLASSIC | G24: Suggested Retail Price
B26: Product | C26: Colour | D26: Diam. | E26: Mts | G26: Retail €/mt | H26: Retail €/100mt
B27: D-Core 78
B28: D-Core 78 | C28: white | D28: 6 | E28: 200 | F28: Spool | G28: =(H28/100) -> 4.62495 | H28: 462.495
B29: D-Core 78 | C29: white | D29: 7 | E29: 200 | F29: Spool | G29: =(H29/100) -> 5.8863 | H29: 588.63
B30: D-Core 78 | C30: white | D30: 8 | E30: 200 | F30: Spool | G30: =(H30/100) -> 8.1505125 | H30: 815.05125
B31: D-Core 78 | C31: white | D31: 9 | E31: 200 | F31: Spool | G31: =(H31/100) -> 11.076337 | H31: 1107.6337
B32: D-Core 78 | C32: white | D32: 10 | E32: 200 | F32: Spool | G32: =(H32/100) -> 12.748238 | H32: 1274.8238
B33: D-Core 78 | C33: white | D33: 12 | E33: 200 | F33: Spool | G33: =(H33/100) -> 14.538261 | H33: 1453.8261
B34: D-Core 78 | C34: white | D34: 14 | E34: 100 | F34: Spool | G34: =(H34/100) -> 16.411622 | H34: 1641.1622
B35: D-Core 78 | C35: white | D35: 16 | E35: 100 | F35: Spool | G35: =(H35/100) -> 21.882162 | H35: 2188.2162
B36: D-Core 78 | C36: white | D36: 18 | E36: 100 | F36: Spool | G36: =(H36/100) -> 27.535054 | H36: 2753.5054
B37: D-Core 78 | C37: white | D37: 20 | E37: 100 | F37: Spool | G37: =(H37/100) -> 30.99973 | H37: 3099.973
B38: D-Core 78 | C38: white | D38: 22 | E38: 100 | F38: Spool | G38: =(H38/100) -> 34.646757 | H38: 3464.6757
B39: D-Core 78 | C39: white | D39: 24 | E39: 100 | F39: Spool | G39: =(H39/100) -> 42.305514 | H39: 4230.5514
B41: V-Core
B42: V-Core | C42: vectran beige | D42: 6 | E42: 200 | F42: Spool | G42: =(H42/100) -> 4.338 | H42: 433.8
B43: V-Core | C43: vectran beige | D43: 7 | E43: 200 | F43: Spool | G43: =(H43/100) -> 5.6394 | H43: 563.94
B44: V-Core | C44: vectran beige | D44: 8 | E44: 200 | F44: Spool | G44: =(H44/100) -> 7.741575 | H44: 774.1575
B45: V-Core | C45: vectran beige | D45: 9 | E45: 200 | F45: Spool | G45: =(H45/100) -> 10.809533 | H45: 1080.9533
B46: V-Core | C46: vectran beige | D46: 10 | E46: 200 | F46: Spool | G46: =(H46/100) -> 12.6159 | H46: 1261.59
B47: V-Core | C47: vectran beige | D47: 12 | E47: 200 | F47: Spool | G47: =(H47/100) -> 15.339788 | H47: 1533.9788
B48: V-Core | C48: vectran beige | D48: 14 | E48: 100 | F48: Spool | G48: =(H48/100) -> 18.007125 | H48: 1800.7125
B49: V-Core | C49: vectran beige | D49: 16 | E49: 100 | F49: Spool | G49: =(H49/100) -> 24.832406 | H49: 2483.2406
B51: D-Cup 78 Classic
B52: D-Cup 78 Classic | C52: solid beige | D52: 6 | E52: 200 | F52: Spool | G52: =(H52/100) -> 2.5992488 | H52: 259.92488
B53: D-Cup 78 Classic | C53: solid beige | D53: 7 | E53: 200 | F53: Spool | G53: =(H53/100) -> 3.1206051 | H53: 312.06051
B54: D-Cup 78 Classic | C54: solid beige | D54: 8 | E54: 200 | F54: Spool | G54: =(H54/100) -> 5.1452746 | H54: 514.52746
B55: D-Cup 78 Classic | C55: solid beige | D55: 9 | E55: 200 | F55: Spool | G55: =(H55/100) -> 6.0762966 | H55: 607.62966
B56: D-Cup 78 Classic | C56: solid beige | D56: 10 | E56: 200 | F56: Spool | G56: =(H56/100) -> 6.8358508 | H56: 683.58508
B57: D-Cup 78 Classic | C57: solid beige | D57: 11 | E57: 200 | F57: Spool | G57: =(H57/100) -> 8.9061726 | H57: 890.61726
B58: D-Cup 78 Classic | C58: solid beige | D58: 12 | E58: 200 | F58: Spool | G58: =(H58/100) -> 9.7361194 | H58: 973.61194
B59: D-Cup 78 Classic | C59: solid beige | D59: 14 | E59: 100 | F59: Spool | G59: =(H59/100) -> 13.675121 | H59: 1367.5121
B60: D-Cup 78 Classic | C60: solid beige | D60: 16 | E60: 100 | F60: Spool | G60: =(H60/100) -> 16.663164 | H60: 1666.3164
B61: D-Cup 78 Classic | C61: solid beige | D61: 18 | E61: 100 | F61: Spool | G61: =(H61/100) -> 19.738209 | H61: 1973.8209
B62: D-Cup 78 Classic | C62: solid beige | D62: 20 | E62: 100 | F62: Spool | G62: =(H62/100) -> 26.91446 | H62: 2691.446
B63: D-Cup 78 Classic | C63: solid beige | D63: 22 | E63: 100 | F63: Spool | G63: =(H63/100) -> 32.047164 | H63: 3204.7164
B64: D-Cup 78 Classic | C64: solid beige | D64: 24 | E64: 100 | F64: Spool | G64: =(H64/100) -> 36.467463 | H64: 3646.7463
B66: D-Cup 78 Kmix VT Classic
B67: D-Cup 78 Kmix VT Classic | C67: vectran beige + polyester beige | D67: 6 | E67: 200 | F67: Spool | G67: =(H67/100) -> 3.5690731 | H67: 356.90731
B68: D-Cup 78 Kmix VT Classic | C68: vectran beige + polyester beige | D68: 7 | E68: 200 | F68: Spool | G68: =(H68/100) -> 4.3550874 | H68: 435.50874
B69: D-Cup 78 Kmix VT Classic | C69: vectran beige + polyester beige | D69: 8 | E69: 200 | F69: Spool | G69: =(H69/100) -> 6.9476479 | H69: 694.76479
B70: D-Cup 78 Kmix VT Classic | C70: vectran beige + polyester beige | D70: 9 | E70: 200 | F70: Spool | G70: =(H70/100) -> 8.2466439 | H70: 824.66439
B71: D-Cup 78 Kmix VT Classic | C71: vectran beige + polyester beige | D71: 10 | E71: 200 | F71: Spool | G71: =(H71/100) -> 9.6618341 | H71: 966.18341
B72: D-Cup 78 Kmix VT Classic | C72: vectran beige + polyester beige | D72: 11 | E72: 200 | F72: Spool | G72: =(H72/100) -> 12.441598 | H72: 1244.1598
B73: D-Cup 78 Kmix VT Classic | C73: vectran beige + polyester beige | D73: 12 | E73: 200 | F73: Spool | G73: =(H73/100) -> 12.880478 | H73: 1288.0478
B74: D-Cup 78 Kmix VT Classic | C74: vectran beige + polyester beige | D74: 14 | E74: 100 | F74: Spool | G74: =(H74/100) -> 18.162969 | H74: 1816.2969
B75: D-Cup 78 Kmix VT Classic | C75: vectran beige + polyester beige | D75: 16 | E75: 100 | F75: Spool | G75: =(H75/100) -> 22.262629 | H75: 2226.2629
B76: D-Cup 78 Kmix VT Classic | C76: vectran beige + polyester beige | D76: 18 | E76: 100 | F76: Spool | G76: =(H76/100) -> 27.326293 | H76: 2732.6293
B77: D-Cup 78 Kmix VT Classic | C77: vectran beige + polyester beige | D77: 20 | E77: 100 | F77: Spool | G77: =(H77/100) -> 33.141432 | H77: 3314.1432
B79: Cruiser 24 Classic
B80: Cruiser 24 Classic | C80: solid white | D80: 6 | E80: 200 | F80: Spool | G80: =(H80/100) -> 0.88612881 | H80: 88.612881
B81: Cruiser 24 Classic | C81: solid white | D81: 7 | E81: 200 | F81: Spool | G81: =(H81/100) -> 1.006829 | H81: 100.6829
B82: Cruiser 24 Classic | C82: solid white | D82: 8 | E82: 200 | F82: Spool | G82: =(H82/100) -> 1.0569153 | H82: 105.69153
B83: Cruiser 24 Classic | C83: solid white | D83: 9 | E83: 200 | F83: Spool | G83: =(H83/100) -> 1.3746244 | H83: 137.46244
B84: Cruiser 24 Classic | C84: solid white | D84: 10 | E84: 200 | F84: Spool | G84: =(H84/100) -> 1.6858333 | H84: 168.58333
B85: Cruiser 24 Classic | C85: solid white | D85: 12 | E85: 200 | F85: Spool | G85: =(H85/100) -> 2.1105778 | H85: 211.05778
B86: Cruiser 24 Classic | C86: solid white | D86: 14 | E86: 200 | F86: Spool | G86: =(H86/100) -> 2.6375556 | H86: 263.75556
B87: Cruiser 24 Classic | C87: solid white | D87: 16 | E87: 100 | F87: Spool | G87: =(H87/100) -> 3.4491111 | H87: 344.91111
B88: Cruiser 24 Classic | C88: solid white | D88: 18 | E88: 100 | F88: Spool | G88: =(H88/100) -> 4.3713333 | H88: 437.13333
B90: Cruiser 24 Classic | C90: solid beige | D90: 6 | E90: 200 | F90: Spool | G90: =(H90/100) -> 0.95576727 | H90: 95.576727
B91: Cruiser 24 Classic | C91: solid beige | D91: 7 | E91: 200 | F91: Spool | G91: =(H91/100) -> 1.0648111 | H91: 106.48111
B92: Cruiser 24 Classic | C92: solid beige | D92: 8 | E92: 200 | F92: Spool | G92: =(H92/100) -> 1.1112585 | H92: 111.12585
... B98: Cruiser 24 Classic | C98: solid beige | D98: 18 | E98: 100 | F98: Spool | G98: =(H98/100) -> 4.6149167 | H98: 461.49167
B100: Cruiser 32 Classic
B101: Cruiser 32 Classic | C101: solid white | D101: 6 | E101: 200 | F101: Spool | G101: =(H101/100) -> 0.81105 | H101: 81.105
B102: Cruiser 32 Classic | C102: solid white | D102: 7 | E102: 200 | F102: Spool | G102: =(H102/100) -> 1.0190226 | H102: 101.90226
B103: Cruiser 32 Classic | C103: solid white | D103: 8 | E103: 200 | F103: Spool | G103: =(H103/100) -> 1.1119222 | H103: 111.19222
B104: Cruiser 32 Classic | C104: solid white | D104: 9 | E104: 200 | F104: Spool | G104: =(H104/100) -> 1.4541487 | H104: 145.41487
B105: Cruiser 32 Classic | C105: solid white | D105: 10 | E105: 200 | F105: Spool | G105: =(H105/100) -> 1.6698889 | H105: 166.98889
B106: Cruiser 32 Classic | C106: solid white | D106: 12 | E106: 200 | F106: Spool | G106: =(H106/100) -> 2.0181222 | H106: 201.81222
B107: Cruiser 32 Classic | C107: solid white | D107: 14 | E107: 200 | F107: Spool | G107: =(H107/100) -> 2.5261667 | H107: 252.61667
B108: Cruiser 32 Classic | C108: solid white | D108: 16 | E108: 100 | F108: Spool | G108: =(H108/100) -> 3.3682222 | H108: 336.82222
B109: Cruiser 32 Classic | C109: solid white | D109: 18 | E109: 100 | F109: Spool | G109: =(H109/100) -> 4.11875 | H109: 411.875
B110: Cruiser 32 Classic | C110: solid white | D110: 20 | E110: 100 | F110: Spool | G110: =(H110/100) -> 4.7594444 | H110: 475.94444
B112: Cruiser 32 Classic | C112: solid beige | D112: 6 | E112: 200 | F112: Spool | G112: =(H112/100) -> 0.83055 | H112: 83.055
B113: Cruiser 32 Classic | C113: solid beige | D113: 7 | E113: 200 | F113: Spool | G113: =(H113/100) -> 1.0454591 | H113: 104.54591
... B121: Cruiser 32 Classic | C121: solid beige | D121: 20 | E121: 100 | F121: Spool | G121: =(H121/100) -> 4.9688889 | H121: 496.88889
B147: prices can be changed without prior notice
B148: alpha ropes®
B149: November 1st, 2010

Sheet Cruising
B10: ='Pro Race'!B11 -> PRICE LIST
B11: ='Pro Race'!B12 -> ref. 01-2017
B13: ='Pro Race'!B14 -> prices are ex-taxes and can be changed without prior notice
B14: ='Pro Race'!B15 -> position EXW Factory Portugal
B15: ='Pro Race'!B16 -> alpha ropes®
B16: ='Pro Race'!B17 -> valid from January 1st, 2017
B24: CRUISING | G24: Suggested Retail Price
B26: Product | C26: Colour | D26: Diam. | E26: Mts | G26: ='Pro Race'!G26 -> Retail €/mt | H26: ='Pro Race'!H26 -> Retail €/100mt
B27: Cruiser 16
B28: Cruiser 16 | C28: white + fleck | D28: 6 | E28: 200 | F28: Spool | G28: =(H28/100) -> 0.7091822 | H28: 70.91822
B29: Cruiser 16 | C29: white + fleck | D29: 7 | E29: 200 | F29: Spool | G29: =(H29/100) -> 0.90917177 | H29: 90.917177
B30: Cruiser 16 | C30: white + fleck | D30: 8 | E30: 200 | F30: Spool | G30: =(H30/100) -> 1.0257712 | H30: 102.57712
B31: Cruiser 16 | C31: white + fleck | D31: 9 | E31: 200 | F31: Spool | G31: =(H31/100) -> 1.3051727 | H31: 130.51727
B32: Cruiser 16 | C32: white + fleck | D32: 10 | E32: 200 | F32: Spool | G32: =(H32/100) -> 1.4764 | H32: 147.64
B33: Cruiser 16 | C33: white + fleck | D33: 12 | E33: 200 | F33: Spool | G33: =(H33/100) -> 1.8658111 | H33: 186.58111
B34: Cruiser 16 | C34: white + fleck | D34: 14 | E34: 200 | F34: Spool | G34: =(H34/100) -> 2.3797222 | H34: 237.97222
B35: Cruiser 16 | C35: white + fleck | D35: 16 | E35: 100 | F35: Spool | G35: =(H35/100) -> 3.0936389 | H35: 309.36389
B36: Cruiser 16 | C36: white + fleck | D36: 18 | E36: 100 | F36: Spool | G36: =(H36/100) -> 3.7709444 | H36: 377.09444
B37: Cruiser 16 | C37: white + fleck | D37: 20 | E37: 100 | F37: Spool | G37: =(H37/100) -> 4.8143611 | H37: 481.43611
B39: Cruiser 16 | C39: solid colour | D39: 6 | E39: 200 | F39: Spool | G39: =(H39/100) -> 0.73427542 | H39: 73.427542
B40: Cruiser 16 | C40: solid colour | D40: 7 | E40: 200 | F40: Spool | G40: =(H40/100) -> 0.99343576 | H40: 99.343576
... B48: Cruiser 16 | C48: solid colour | D48: 20 | E48: 100 | F48: Spool | G48: =(H48/100) -> 5.1358056 | H48: 513.58056
B50: Cruiser 24
B51: Cruiser 24 | C51: white + fleck | D51: 5 | E51: 200 | F51: Spool | G51: =(H51/100) -> 0.53800678 | H51: 53.800678
B52: Cruiser 24 | C52: white + fleck | D52: 6 | E52: 200 | F52: Spool | G52: =(H52/100) -> 0.88612881 | H52: 88.612881
B53: Cruiser 24 | C53: white + fleck | D53: 7 | E53: 200 | F53: Spool | G53: =(H53/100) -> 1.006829 | H53: 100.6829
B54: Cruiser 24 | C54: white + fleck | D54: 8 | E54: 200 | F54: Spool | G54: =(H54/100) -> 1.0569153 | H54: 105.69153
B55: Cruiser 24 | C55: white + fleck | D55: 9 | E55: 200 | F55: Spool | G55: =(H55/100) -> 1.3746244 | H55: 137.46244
B56: Cruiser 24 | C56: white + fleck | D56: 10 | E56: 200 | F56: Spool | G56: =(H56/100) -> 1.6858333 | H56: 168.58333
B57: Cruiser 24 | C57: white + fleck | D57: 12 | E57: 200 | F57: Spool | G57: =(H57/100) -> 2.1105778 | H57: 211.05778
B58: Cruiser 24 | C58: white + fleck | D58: 14 | E58: 200 | F58: Spool | G58: =(H58/100) -> 2.6375556 | H58: 263.75556
B59: Cruiser 24 | C59: white + fleck | D59: 16 | E59: 100 | F59: Spool | G59: =(H59/100) -> 3.4491111 | H59: 344.91111
B60: Cruiser 24 | C60: white + fleck | D60: 18 | E60: 100 | F60: Spool | G60: =(H60/100) -> 4.3713333 | H60: 437.13333
B61: Cruiser 24 | C61: white + fleck | D61: 22 | E61: 100 | F61: Spool | G61: =(H61/100) -> 6.1235556 | H61: 612.35556
B63: Cruiser 24 | C63: solid colour | D63: 4 | E63: 200 | F63: Spool | G63: =(H63/100) -> 0.49054909 | H63: 49.054909
... B74: Cruiser 24 | C74: solid colour | D74: 22 | E74: 100 | F74: Spool | G74: =(H74/100) -> 6.4205111 | H74: 642.05111
B76: Cruiser 24 Kmix
B77: Cruiser 24 Kmix | C77: solid colour | D77: 4 | E77: 200 | F77: Spool | G77: =(H77/100) -> 0.62466102 | H77: 62.466102
B78: Cruiser 24 Kmix | C78: solid colour | D78: 6 | E78: 200 | F78: Spool | G78: =(H78/100) -> 1.2453356 | H78: 124.53356
B79: Cruiser 24 Kmix | C79: solid colour | D79: 8 | E79: 200 | F79: Spool | G79: =(H79/100) -> 1.7078263 | H79: 170.78263
B80: Cruiser 24 Kmix | C80: solid colour | D80: 9 | E80: 201 | F80: Spool | G80: =(H80/100) -> 2.0780991 | H80: 207.80991
B81: Cruiser 24 Kmix | C81: solid colour | D81: 10 | E81: 202 | F81: Spool | G81: =(H81/100) -> 2.3411441 | H81: 234.11441
B82: Cruiser 24 Kmix | C82: solid colour | D82: 12 | E82: 200 | F82: Spool | G82: =(H82/100) -> 3.2220407 | H82: 322.20407
B83: Cruiser 24 Kmix | C83: solid colour | D83: 14 | E83: 200 | F83: Spool | G83: =(H83/100) -> 4.1547559 | H83: 415.47559
B84: Cruiser 24 Kmix | C84: solid colour | D84: 16 | E84: 100 | F84: Spool | G84: =(H84/100) -> 5.3922559 | H84: 539.22559
B85: Cruiser 24 Kmix | C85: solid colour | D85: 18 | E85: 100 | F85: Spool | G85: =(H85/100) -> 6.8340356 | H85: 683.40356
B87: Cruiser 32
B88: Cruiser 32 | C88: white + fleck | D88: 5 | E88: 200 | F88: Spool | G88: =(H88/100) -> 0.63011111 | H88: 63.011111
B89: Cruiser 32 | C89: white + fleck | D89: 6 | E89: 200 | F89: Spool | G89: =(H89/100) -> 0.81105 | H89: 81.105
B90: Cruiser 32 | C90: white + fleck | D90: 7 | E90: 200 | F90: Spool | G90: =(H90/100) -> 1.0190226 | H90: 101.90226
B91: Cruiser 32 | C91: white + fleck | D91: 8 | E91: 200 | F91: Spool | G91: =(H91/100) -> 1.1119222 | H91: 111.19222
B92: Cruiser 32 | C92: white + fleck | D92: 9 | E92: 200 | F92: Spool | G92: =(H92/100) -> 1.4541487 | H92: 145.41487
B93: Cruiser 32 | C93: white + fleck | D93: 10 | E93: 200 | F93: Spool | G93: =(H93/100) -> 1.6698889 | H93: 166.98889
B94: Cruiser 32 | C94: white + fleck | D94: 12 | E94: 200 | F94: Spool | G94: =(H94/100) -> 2.0181222 | H94: 201.81222
B95: Cruiser 32 | C95: white + fleck | D95: 14 | E95: 200 | F95: Spool | G95: =(H95/100) -> 2.5261667 | H95: 252.61667
B96: Cruiser 32 | C96: white + fleck | D96: 16 | E96: 100 | F96: Spool | G96: =(H96/100) -> 3.3682222 | H96: 336.82222
B97: Cruiser 32 | C97: white + fleck | D97: 18 | E97: 100 | F97: Spool | G97: =(H97/100) -> 4.11875 | H97: 411.875
B98: Cruiser 32 | C98: white + fleck | D98: 20 | E98: 100 | F98: Spool | G98: =(H98/100) -> 4.7594444 | H98: 475.94444
B100: Cruiser 32 | C100: solid colour | D100: 5 | E100: 200 | F100: Spool | G100: =(H100/100) -> 0.64122222 | H100: 64.122222
... B110: Cruiser 32 | C110: solid colour | D110: 20 | E110: 100 | F110: Spool | G110: =(H110/100) -> 4.9688889 | H110: 496.88889
B112: Matt
B113: Matt | C113: solid colour | D113: 6 | E113: 200 | F113: Spool | G113: =(H113/100) -> 0.84372966 | H113: 84.372966
B114: Matt | C114: solid colour | D114: 8 | E114: 200 | F114: Spool | G114: =(H114/100) -> 1.4718305 | H114: 147.18305
B115: Matt | C115: solid colour | D115: 10 | E115: 200 | F115: Spool | G115: =(H115/100) -> 2.0384237 | H115: 203.84237
B116: Matt | C116: solid colour | D116: 12 | E116: 200 | F116: Spool | G116: =(H116/100) -> 2.4877119 | H116: 248.77119
B117: Matt | C117: solid colour | D117: 14 | E117: 200 | F117: Spool | G117: =(H117/100) -> 3.2943661 | H117: 329.43661
B118: Matt | C118: solid colour | D118: 16 | E118: 100 | F118: Spool | G118: =(H118/100) -> 4.4929983 | H118: 449.29983
B119: Matt | C119: solid colour | D119: 18 | E119: 100 | F119: Spool | G119: =(H119/100) -> 5.7058322 | H119: 570.58322
B121: Softline
B122: Softline | C122: solid colours | D122: 1 | E122: 200 | F122: Spool | G122: =(H122/100) -> 0.066430189 | H122: 6.6430189
B123: Softline | C123: solid colours | D123: 1.4 | E123: 200 | F123: Spool | G123: =(H123/100) -> 0.088913208 | H123: 8.8913208
B124: Softline | C124: solid colours | D124: 2 | E124: 200 | F124: Spool | G124: =(H124/100) -> 0.11796453 | H124: 11.796453
B125: Softline | C125: solid colours | D125: 3 | E125: 200 | F125: Spool | G125: =(H125/100) -> 0.25764231 | H125: 25.764231
B126: Softline | C126: solid colours | D126: 4 | E126: 200 | F126: Spool | G126: =(H126/100) -> 0.23256 | H126: 23.256
B127: Softline | C127: solid colours | D127: 5 | E127: 200 | F127: Spool | G127: =(H127/100) -> 0.24381 | H127: 24.381
B128: Softline | C128: solid colours | D128: 6 | E128: 200 | F128: Spool | G128: =(H128/100) -> 0.50566154 | H128: 50.566154
B129: Softline | C129: solid colours | D129: 8 | E129: 200 | F129: Spool | G129: =(H129/100) -> 0.94236923 | H129: 94.236923
B130: Softline | C130: solid colours | D130: 10 | E130: 200 | F130: Spool | G130: =(H130/100) -> 1.3735385 | H130: 137.35385
B132: Flag
B133: Flag | C133: white | D133: 3 | E133: 200 | F133: Spool | G133: =(H133/100) -> 0.3920339 | H133: 39.20339
B134: Flag | C134: white | D134: 4 | E134: 200 | F134: Spool | G134: =(H134/100) -> 0.41265263 | H134: 41.265263
B135: Flag | C135: white | D135: 5 | E135: 200 | F135: Spool | G135: =(H135/100) -> 0.45811525 | H135: 45.811525
B136: Flag | C136: white | D136: 6 | E136: 200 | F136: Spool | G136: =(H136/100) -> 0.75128136 | H136: 75.128136
B138: Flag | C138: solid colours | D138: 3 | E138: 200 | F138: Spool | G138: =(H138/100) -> 0.43641509 | H138: 43.641509
B139: Flag | C139: solid colours | D139: 4 | E139: 200 | F139: Spool | G139: =(H139/100) -> 0.470424 | H139: 47.0424
B140: Flag | C140: solid colours | D140: 5 | E140: 200 | F140: Spool | G140: =(H140/100) -> 0.51978462 | H140: 51.978462
B141: Flag | C141: solid colours | D141: 6 | E141: 200 | F141: Spool | G141: =(H141/100) -> 0.82084444 | H141: 82.084444
B143: SSR Light - Furling Line
B144: SSR Light - Furling Line | C144: mix white+ grey + colour | D144: 8 | E144: 200 | F144: Spool | G144: =(H144/100) -> 3.3332609 | H144: 333.32609
B145: SSR Light - Furling Line | C145: mix white+ grey + colour | D145: 9 | E145: 200 | F145: Spool | G145: =(H145/100) -> 3.6872834 | H145: 368.72834
B146: SSR Light - Furling Line | C146: mix white+ grey + colour | D146: 10 | E146: 200 | F146: Spool | G146: =(H146/100) -> 5.4067826 | H146: 540.67826

Sheet Olympic Line
B10: ='Pro Race'!B11 -> PRICE LIST
B11: ='Pro Race'!B12 -> ref. 01-2017
B13: ='Pro Race'!B14 -> prices are ex-taxes and can be changed without prior notice
B14: ='Pro Race'!B15 -> position EXW Factory Portugal
B15: ='Pro Race'!B16 -> alpha ropes®
B16: ='Pro Race'!B17 -> valid from January 1st, 2017
B24: OLYMPIC & ONE DESIGN | G24: Suggested Retail Price
B26: Product | C26: Colour | D26: Diam. | E26: Mts | G26: ='Pro Race'!G26 -> Retail €/mt | H26: ='Pro Race'!H26 -> Retail €/100mt
B27: D-Core 78
B28: D-Core 78 | C28: solid | D28: 2.5 | E28: 200 | F28: Spool | G28: =(H28/100) -> 0.8303175 | H28: 83.03175
B29: D-Core 78 | C29: solid | D29: 3 | E29: 200 | F29: Spool | G29: =(H29/100) -> 1.3127813 | H29: 131.27813
B30: D-Core 78 | C30: solid | D30: 4 | E30: 200 | F30: Spool | G30: =(H30/100) -> 1.8109014 | H30: 181.09014
B31: D-Core 78 | C31: solid | D31: 5 | E31: 200 | F31: Spool | G31: =(H31/100) -> 3.423 | H31: 342.3
B32: D-Core 78 | C32: solid | D32: 6 | E32: 200 | F32: Spool | G32: =(H32/100) -> 4.62495 | H32: 462.495
B33: D-Core 78 | C33: solid | D33: 7 | E33: 200 | F33: Spool | G33: =(H33/100) -> 5.8863 | H33: 588.63
B34: D-Core 78 | C34: solid | D34: 8 | E34: 200 | F34: Spool | G34: =(H34/100) -> 8.1505125 | H34: 815.05125
B36: D-Core 78 XTM
B37: D-Core 78 XTM | C37: solid | D37: 3 | E37: 200 | F37: Spool | G37: =(H37/100) -> 1.4130492 | H37: 141.30492
B38: D-Core 78 XTM | C38: solid | D38: 4 | E38: 200 | F38: Spool | G38: =(H38/100) -> 2.1591176 | H38: 215.91176
B39: D-Core 78 XTM | C39: solid | D39: 5 | E39: 200 | F39: Spool | G39: =(H39/100) -> 4.1571148 | H39: 415.71148
B40: D-Core 78 XTM | C40: solid | D40: 6 | E40: 200 | F40: Spool | G40: =(H40/100) -> 5.4493377 | H40: 544.93377
B42: D-Power 78
B43: D-Power 78 | C43: solid | D43: 3 | E43: 200 | F43: Spool | G43: =(H43/100) -> 1.1934375 | H43: 119.34375
B44: D-Power 78 | C44: solid | D44: 4 | E44: 200 | F44: Spool | G44: =(H44/100) -> 1.78575 | H44: 178.575
B45: D-Power 78 | C45: solid | D45: 5 | E45: 200 | F45: Spool | G45: =(H45/100) -> 2.7811875 | H45: 278.11875
B46: D-Power 78 | C46: solid | D46: 6 | E46: 200 | F46: Spool | G46: =(H46/100) -> 4.2801281 | H46: 428.01281
B48: V-Core
B49: V-Core | C49: solid natural | D49: 3 | E49: 200 | F49: Spool | G49: =(H49/100) -> 1.4525902 | H49: 145.25902
B50: V-Core | C50: solid natural | D50: 4 | E50: 200 | F50: Spool | G50: =(H50/100) -> 1.723025 | H50: 172.3025
B51: V-Core | C51: solid natural | D51: 5 | E51: 200 | F51: Spool | G51: =(H51/100) -> 3.262875 | H51: 326.2875
B52: V-Core | C52: solid natural | D52: 6 | E52: 200 | F52: Spool | G52: =(H52/100) -> 4.338 | H52: 433.8
B54: D-Cup 78
B55: D-Cup 78 | C55: mix grey + colour | D55: 4 | E55: 200 | F55: Spool | G55: =(H55/100) -> 2.0061458 | H55: 200.61458
B56: D-Cup 78 | C56: mix grey + colour | D56: 5 | E56: 200 | F56: Spool | G56: =(H56/100) -> 2.4776644 | H56: 247.76644
B57: D-Cup 78 | C57: mix grey + colour | D57: 6 | E57: 200 | F57: Spool | G57: =(H57/100) -> 2.5992488 | H57: 259.92488
B58: D-Cup 78 | C58: mix grey + colour | D58: 7 | E58: 200 | F58: Spool | G58: =(H58/100) -> 3.1206051 | H58: 312.06051
B59: D-Cup 78 | C59: mix grey + colour | D59: 8 | E59: 200 | F59: Spool | G59: =(H59/100) -> 5.1452746 | H59: 514.52746
B60: D-Cup 78 | C60: mix grey + colour | D60: 9 | E60: 200 | F60: Spool | G60: =(H60/100) -> 6.0762966 | H60: 607.62966
B61: D-Cup 78 | C61: mix grey + colour | D61: 10 | E61: 200 | F61: Spool | G61: =(H61/100) -> 6.8358508 | H61: 683.58508
B63: D-Cup 78 Kmix
B64: D-Cup 78 Kmix | C64: mix grey + colour | D64: 4 | E64: 200 | F64: Spool | G64: =(H64/100) -> 2.0779095 | H64: 207.79095
B65: D-Cup 78 Kmix | C65: mix grey + colour | D65: 5 | E65: 200 | F65: Spool | G65: =(H65/100) -> 2.6058468 | H65: 260.58468
B66: D-Cup 78 Kmix | C66: mix grey + colour | D66: 6 | E66: 200 | F66: Spool | G66: =(H66/100) -> 2.8881511 | H66: 288.81511
B67: D-Cup 78 Kmix | C67: mix grey + colour | D67: 7 | E67: 200 | F67: Spool | G67: =(H67/100) -> 3.3212489 | H67: 332.12489
B68: D-Cup 78 Kmix | C68: mix grey + colour | D68: 8 | E68: 200 | F68: Spool | G68: =(H68/100) -> 5.4712855 | H68: 547.12855
B69: D-Cup 78 Kmix | C69: mix grey + colour | D69: 9 | E69: 200 | F69: Spool | G69: =(H69/100) -> 6.5619946 | H69: 656.19946
B70: D-Cup 78 Kmix | C70: mix grey + colour | D70: 10 | E70: 200 | F70: Spool | G70: =(H70/100) -> 7.6943186 | H70: 769.43186
B72: D-Cup 78 Kmix Special
B73: D-Cup 78 Kmix Special | C73: mix grey + colour | D73: 5 | E73: 200 | F73: Spool | G73: =(H73/100) -> 3.5825556 | H73: 358.25556
B74: D-Cup 78 Kmix Special | C74: mix grey + colour | D74: 6 | E74: 200 | F74: Spool | G74: =(H74/100) -> 3.9381222 | H74: 393.81222
B75: D-Cup 78 Kmix Special | C75: mix grey + colour | D75: 7 | E75: 200 | F75: Spool | G75: =(H75/100) -> 4.3645576 | H75: 436.45576
B76: D-Cup 78 Kmix Special | C76: mix grey + colour | D76: 8 | E76: 200 | F76: Spool | G76: =(H76/100) -> 6.8342186 | H76: 683.42186
B77: D-Cup 78 Kmix Special | C77: mix grey + colour | D77: 9 | E77: 200 | F77: Spool | G77: =(H77/100) -> 8.2826314 | H77: 828.26314
B78: D-Cup 78 Kmix Special | C78: mix grey + colour | D78: 10 | E78: 200 | F78: Spool | G78: =(H78/100) -> 10.011336 | H78: 1001.1336
B80: One Design Backstay 99 | C80: D-Cup 99 XTM - D
B81: One Design Backstay 99 | C81: white or grey | D81: 5 | E81: 200 | F81: Spool | G81: =(H81/100) -> 5.1288173 | H81: 512.88173
B82: One Design Backstay 99 | C82: white or grey | D82: 6 | E82: 200 | F82: Spool | G82: =(H82/100) -> 9.6340962 | H82: 963.40962
B84: Ultraneema
B85: Ultraneema | C85: white + colour | D85: 1.6 | E85: 200 | F85: Spool | G85: =(H85/100) -> 0.20081111 | H85: 20.081111
B86: Ultraneema | C86: white + colour | D86: 2 | E86: 200 | F86: Spool | G86: =(H86/100) -> 0.23969898 | H86: 23.969898
B87: Ultraneema | C87: white + colour | D87: 2.5 | E87: 200 | F87: Spool | G87: =(H87/100) -> 0.32530576 | H87: 32.530576
B88: Ultraneema | C88: white + colour | D88: 3 | E88: 200 | F88: Spool | G88: =(H88/100) -> 0.76591525 | H88: 76.591525
B89: Ultraneema | C89: white + colour | D89: 4 | E89: 200 | F89: Spool | G89: =(H89/100) -> 1.5100966 | H89: 151.00966
B90: Ultraneema | C90: white + colour | D90: 5 | E90: 200 | F90: Spool | G90: =(H90/100) -> 1.7839241 | H90: 178.39241
B91: Ultraneema | C91: white + colour | D91: 6 | E91: 200 | F91: Spool | G91: =(H91/100) -> 2.5286897 | H91: 252.86897
B92: Ultraneema | C92: white + colour | D92: 8 | E92: 200 | F92: Spool | G92: =(H92/100) -> 4.4116271 | H92: 441.16271
B94: Ultraneema Race (coated core)
B95: Ultraneema Race | C95: white + colour | D95: 3 | E95: 200 | F95: Spool | G95: =(H95/100) -> 0.82826804 | H95: 82.826804
B96: Ultraneema Race | C96: white + colour | D96: 4 | E96: 200 | F96: Spool | G96: =(H96/100) -> 1.6443474 | H96: 164.43474
B97: Ultraneema Race | C97: white + colour | D97: 5 | E97: 200 | F97: Spool | G97: =(H97/100) -> 1.949853 | H97: 194.9853
B98: Ultraneema Race | C98: white + colour | D98: 6 | E98: 200 | F98: Spool | G98: =(H98/100) -> 2.7676108 | H98: 276.76108
B100: Ultraneema - mini spools
B101: Ultraneema - mini spools | C101: white + colour | D101: 2 | E101: 35 | F101: Spool | G101: =(H101/100) -> 0.092116678 | H101: 9.2116678
B102: Ultraneema - mini spools | C102: white + colour | D102: 3 | E102: 20 | F102: Spool | G102: =(H102/100) -> 0.1657678 | H102: 16.57678
B103: Ultraneema - mini spools | C103: white + colour | D103: 4 | E103: 20 | F103: Spool | G103: =(H103/100) -> 0.32625724 | H103: 32.625724
B105: Dinghy MAX PP | C105: madre top cruiser max - capa PP
B106: Dinghy MAX PP | C106: grey + colour flecks | D106: 6 | E106: 200 | F106: Spool | G106: =(H106/100) -> 1.92262 | H106: 192.262
B107: Dinghy MAX PP | C107: grey + colour flecks | D107: 7 | E107: 200 | F107: Spool | G107: =(H107/100) -> 2.3503623 | H107: 235.03623
B108: Dinghy MAX PP | C108: grey + colour flecks | D108: 8 | E108: 200 | F108: Spool | G108: =(H108/100) -> 3.2685448 | H108: 326.85448
B109: Dinghy MAX PP | C109: grey + colour flecks | D109: 10 | E109: 200 | F109: Spool | G109: =(H109/100) -> 4.4871189 | H109: 448.71189
B111: Dinghy PRO
B112: Dinghy PRO | C112: mix grey + colour | D112: 6 | E112: 200 | F112: Spool | G112: =(H112/100) -> 2.57 | H112: 257
B114: SSR Light
B115: SSR Light | C115: mix white + colour | D115: 4 | E115: 200 | F115: Spool | G115: =(H115/100) -> 1.1206682 | H115: 112.06682
B116: SSR Light | C116: mix white + colour | D116: 5 | E116: 200 | F116: Spool | G116: =(H116/100) -> 1.8723529 | H116: 187.23529
B117: SSR Light | C117: mix white + colour | D117: 6 | E117: 200 | F117: Spool | G117: =(H117/100) -> 2.5964847 | H117: 259.64847
B118: SSR Light | C118: mix white + colour | D118: 7 | E118: 200 | F118: Spool | G118: =(H118/100) -> 2.992043 | H118: 299.2043
B119: SSR Light | C119: mix white + colour | D119: 8 | E119: 200 | F119: Spool | G119: =(H119/100) -> 3.3332609 | H119: 333.32609
B120: SSR Light | C120: mix white + colour | D120: 9 | E120: 200 | F120: Spool | G120: =(H120/100) -> 3.6872834 | H120: 368.72834
B121: SSR Light | C121: mix white + colour | D121: 10 | E121: 200 | F121: Spool | G121: =(H121/100) -> 5.4067826 | H121: 540.67826
B123: SSC
B124: SSC | C124: mix white+ grey + colour | D124: 4 | E124: 199 | F124: Spool | G124: =(H124/100) -> 2.0217071 | H124: 202.17071
B125: SSC | C125: mix white+ grey + colour | D125: 5 | E125: 200 | F125: Spool | G125: =(H125/100) -> 3.1503295 | H125: 315.03295
B126: SSC | C126: mix white+ grey + colour | D126: 6 | E126: 200 | F126: Spool | G126: =(H126/100) -> 3.5939531 | H126: 359.39531
B127: SSC | C127: mix white+ grey + colour | D127: 7 | E127: 200 | F127: Spool | G127: =(H127/100) -> 5.1674237 | H127: 516.74237
B128: SSC | C128: mix white+ grey + colour | D128: 8 | E128: 200 | F128: Spool | G128: =(H128/100) -> 5.5886908 | H128: 558.86908
B129: SSC | C129: mix white+ grey + colour | D129: 9 | E129: 200 | F129: Spool | G129: =(H129/100) -> 7.8947898 | H129: 789.47898
B130: SSC | C130: mix white+ grey + colour | D130: 10 | E130: 200 | F130: Spool | G130: =(H130/100) -> 8.9167388 | H130: 891.67388
B132: SSR
B133: SSR | C133: mix white + colour | D133: 4 | E133: 200 | F133: Spool | G133: =(H133/100) -> 1.2462545 | H133: 124.62545
...

Sheet Sailmaker
B10: ='Pro Race'!B11 -> PRICE LIST
B11: ='Pro Race'!B12 -> ref. 01-2017
B13: ='Pro Race'!B14 -> prices are ex-taxes and can be changed without prior notice
B14: ='Pro Race'!B15 -> position EXW Factory Portugal
B15: ='Pro Race'!B16 -> alpha ropes®
B16: ='Pro Race'!B17 -> valid from January 1st, 2017
B24: SAILMAKER | G24: Suggested Retail Price
B26: Product | C26: Colour | D26: Diam. | E26: Mts | G26: ='Pro Race'!G26 -> Retail €/mt | H26: ='Pro Race'!H26 -> Retail €/100mt
B27: D-Core 78
B28: D-Core 78 | C28: solid | D28: 2.5 | E28: 200 | F28: Spool | G28: =(H28/100) -> 0.8303175 | H28: 83.03175
B29: D-Core 78 | C29: solid | D29: 3 | E29: 200 | F29: Spool | G29: =(H29/100) -> 1.3127813 | H29: 131.27813
B30: D-Core 78 | C30: solid | D30: 4 | E30: 200 | F30: Spool | G30: =(H30/100) -> 1.8109014 | H30: 181.09014
B31: D-Core 78 | C31: solid | D31: 5 | E31: 200 | F31: Spool | G31: =(H31/100) -> 3.423 | H31: 342.3
B32: D-Core 78 | C32: solid | D32: 6 | E32: 200 | F32: Spool | G32: =(H32/100) -> 4.62495 | H32: 462.495
B33: D-Core 78 | C33: solid | D33: 7 | E33: 200 | F33: Spool | G33: =(H33/100) -> 5.8863 | H33: 588.63
B34: D-Core 78 | C34: solid | D34: 8 | E34: 200 | F34: Spool | G34: =(H34/100) -> 8.1505125 | H34: 815.05125
B35: D-Core 78 | C35: solid | D35: 9 | E35: 200 | F35: Spool | G35: =(H35/100) -> 11.076337 | H35: 1107.6337
B36: D-Core 78 | C36: solid | D36: 10 | E36: 200 | F36: Spool | G36: =(H36/100) -> 12.748238 | H36: 1274.8238
B37: D-Core 78 | C37: solid | D37: 12 | E37: 200 | F37: Spool | G37: =(H37/100) -> 14.538261 | H37: 1453.8261
B38: D-Core 78 | C38: solid | D38: 14 | E38: 100 | F38: Spool | G38: =(H38/100) -> 16.411622 | H38: 1641.1622
B39: D-Core 78 | C39: solid | D39: 16 | E39: 100 | F39: Spool | G39: =(H39/100) -> 21.882162 | H39: 2188.2162
... B44: D-Core 78 | C44: solid | D44: 26 | E44: 100 | F44: Spool | G44: =(H44/100) -> 51.24073 | H44: 5124.073
B46: V-Core
B47: V-Core | C47: solid natural | D47: 3 | E47: 200 | F47: Spool | G47: =(H47/100) -> 1.4525902 | H47: 145.25902
B48: V-Core | C48: solid natural | D48: 4 | E48: 200 | F48: Spool | G48: =(H48/100) -> 1.723025 | H48: 172.3025
B49: V-Core | C49: solid natural | D49: 5 | E49: 200 | F49: Spool | G49: =(H49/100) -> 3.262875 | H49: 326.2875
B50: V-Core | C50: solid natural | D50: 6 | E50: 200 | F50: Spool | G50: =(H50/100) -> 4.338 | H50: 433.8
B51: V-Core | C51: solid natural | D51: 7 | E51: 200 | F51: Spool | G51: =(H51/100) -> 5.6394 | H51: 563.94
B52: V-Core | C52: solid natural | D52: 8 | E52: 200 | F52: Spool | G52: =(H52/100) -> 7.741575 | H52: 774.1575
B53: V-Core | C53: solid natural | D53: 9 | E53: 200 | F53: Spool | G53: =(H53/100) -> 10.809533 | H53: 1080.9533
B54: V-Core | C54: solid natural | D54: 10 | E54: 200 | F54: Spool | G54: =(H54/100) -> 12.6159 | H54: 1261.59
B55: V-Core | C55: solid natural | D55: 12 | E55: 200 | F55: Spool | G55: =(H55/100) -> 15.339788 | H55: 1533.9788
B56: V-Core | C56: solid natural | D56: 14 | E56: 100 | F56: Spool | G56: =(H56/100) -> 18.007125 | H56: 1800.7125
B57: V-Core | C57: solid natural | D57: 16 | E57: 100 | F57: Spool | G57: =(H57/100) -> 24.832406 | H57: 2483.2406
B59: Ultraneema
B60: Ultraneema | C60: white + colour | D60: 1.6 | E60: 200 | F60: Spool | G60: =(H60/100) -> 0.20081111 | H60: 20.081111
B61: Ultraneema | C61: white + colour | D61: 2 | E61: 200 | F61: Spool | G61: =(H61/100) -> 0.23969898 | H61: 23.969898
B62: Ultraneema | C62: white + colour | D62: 2.5 | E62: 200 | F62: Spool | G62: =(H62/100) -> 0.32530576 | H62: 32.530576
B63: Ultraneema | C63: white + colour | D63: 3 | E63: 200 | F63: Spool | G63: =(H63/100) -> 0.76591525 | H63: 76.591525
B64: Ultraneema | C64: white + colour | D64: 4 | E64: 200 | F64: Spool | G64: =(H64/100) -> 1.5100966 | H64: 151.00966
B65: Ultraneema | C65: white + colour | D65: 5 | E65: 200 | F65: Spool | G65: =(H65/100) -> 1.7839241 | H65: 178.39241
B66: Ultraneema | C66: white + colour | D66: 6 | E66: 200 | F66: Spool | G66: =(H66/100) -> 2.5286897 | H66: 252.86897
B67: Ultraneema | C67: white + colour | D67: 8 | E67: 200 | F67: Spool | G67: =(H67/100) -> 4.4116271 | H67: 441.16271
B69: Softline PS
B70: Softline PS | C70: solid colours | D70: 3 | E70: 200 | F70: Spool | G70: =(H70/100) -> 0.40650231 | H70: 40.650231
B71: Softline PS | C71: solid colours | D71: 4 | E71: 200 | F71: Spool | G71: =(H71/100) -> 0.44842909 | H71: 44.842909
B72: Softline PS | C72: solid colours | D72: 5 | E72: 200 | F72: Spool | G72: =(H72/100) -> 0.6312049 | H72: 63.12049
B73: Softline PS | C73: solid colours | D73: 6 | E73: 200 | F73: Spool | G73: =(H73/100) -> 0.70736327 | H73: 70.736327
B74: Softline PS | C74: solid colours | D74: 8 | E74: 200 | F74: Spool | G74: =(H74/100) -> 1.2116571 | H74: 121.16571
B76: Leechline PSKV
B77: Leechline PSKV | C77: white | D77: 3 | E77: 200 | F77: Spool | G77: =(H77/100) -> 0.61520667 | H77: 61.520667
B78: Leechline PSKV | C78: white | D78: 4 | E78: 200 | F78: Spool | G78: =(H78/100) -> 0.68493333 | H78: 68.493333
B79: Leechline PSKV | C79: white | D79: 5 | E79: 200 | F79: Spool | G79: =(H79/100) -> 1.4888667 | H79: 148.88667
B80: Leechline PSKV | C80: white | D80: 6 | E80: 200 | F80: Spool | G80: =(H80/100) -> 1.5157333 | H80: 151.57333
B81: Leechline PSKV | C81: white | D81: 8 | E81: 200 | F81: Spool | G81: =(H81/100) -> 3.9346667 | H81: 393.46667
B83: Luffline
B84: Luffline | C84: white | D84: 2.8 | E84: 200 | F84: Spool | G84: =(H84/100) -> 0.29609333 | H84: 29.609333
B85: Luffline | C85: white | D85: 3.8 | E85: 200 | F85: Spool | G85: =(H85/100) -> 0.32378889 | H85: 32.378889
B86: Luffline | C86: white | D86: 4.8 | E86: 200 | F86: Spool | G86: =(H86/100) -> 0.39301224 | H86: 39.301224
B87: Luffline | C87: white | D87: 5.8 | E87: 200 | F87: Spool | G87: =(H87/100) -> 0.6513 | H87: 65.13
B88: Luffline | C88: white | D88: 6.8 | E88: 200 | F88: Spool | G88: =(H88/100) -> 0.77428163 | H88: 77.428163
B89: Luffline | C89: white | D89: 7.8 | E89: 200 | F89: Spool | G89: =(H89/100) -> 0.88809796 | H89: 88.809796
B90: Luffline | C90: white | D90: 9.8 | E90: 200 | F90: Spool | G90: =(H90/100) -> 1.4411143 | H90: 144.11143
B92: Luffline
B93: Luffline | C93: colour | D93: 2.8 | E93: 200 | F93: Spool | G93: =(H93) -> 31.276 | H93: 31.276
B94: Luffline | C94: colour | D94: 3.8 | E94: 200 | F94: Spool | G94: =(H94) -> 35.573333 | H94: 35.573333
B95: Luffline | C95: colour | D95: 4.8 | E95: 200 | F95: Spool | G95: =(H95) -> 44.199184 | H95: 44.199184
B96: Luffline | C96: colour | D96: 5.8 | E96: 200 | F96: Spool | G96: =(H96) -> 72.63 | H96: 72.63
B97: Luffline | C97: colour | D97: 6.8 | E97: 200 | F97: Spool | G97: =(H97) -> 88.754694 | H97: 88.754694
B98: Luffline | C98: colour | D98: 7.8 | E98: 200 | F98: Spool | G98: =(H98) -> 103.50367 | H98: 103.50367
B99: Luffline | C99: colour | D99: 9.8 | E99: 200 | F99: Spool | G99: =(H99) -> 166.48898 | H99: 166.48898
B101: Luffline PP Film
B102: Luffline PP Film | C102: blue | D102: 4 | E102: 200 | F102: Spool | G102: =(H102/100) -> 0.15934066 | H102: 15.934066
B103: Luffline PP Film | C103: blue | D103: 6 | E103: 200 | F103: Spool | G103: =(H103/100) -> 0.27597403 | H103: 27.597403
B104: Luffline PP Film | C104: blue | D104: 8 | E104: 200 | F104: Spool | G104: =(H104/100) -> 0.39358601 | H104: 39.358601
B105: Luffline PP Film | C105: blue | D105: 10 | E105: 200 | F105: Spool | G105: =(H105/100) -> 0.59037901 | H105: 59.037901
B106: Luffline PP Film | C106: blue | D106: 12 | E106: 200 | F106: Spool | G106: =(H106/100) -> 0.85276968 | H106: 85.276968
B107: Luffline PP Film | C107: blue | D107: 14 | E107: 200 | F107: Spool | G107: =(H107/100) -> 1.180758 | H107: 118.0758
B109: Code Zero
B110: Code Zero | C110: Color | D110: 8 | E110: 200 | F110: Spool | G110: =(H110/100) -> 10.068975 | H110: 1006.8975
B111: Code Zero | C111: Color | D111: 11 | E111: 200 | F111: Spool | G111: =(H111/100) -> 16.00225 | H111: 1600.225
B112: Code Zero | C112: Color | D112: 15 | E112: 200 | F112: Spool | G112: =(H112/100) -> 26.690356 | H112: 2669.0356
B114: Tack Locker for Code Zero
B115: Tack Locker for Code Zero - price per unit | D115: 8 | E115: 1 | F115: Spool | G115: =(H115/100) -> 0.60009602 | H115: 60.009602
B116: Tack Locker for Code Zero - price per unit | D116: 11,0-15,0 | E116: 1 | F116: Spool | G116: =(H116/100) -> 0.60009602 | H116: 60.009602
B118: P-Core
B119: P-Core | C119: solid | D119: 4 | E119: 200 | F119: Spool | G119: =(H119/100) -> 0.70530612 | H119: 70.530612
B120: P-Core | C120: solid | D120: 5 | E120: 200 | F120: Spool | G120: =(H120/100) -> 0.87634286 | H120: 87.634286
B121: P-Core | C121: solid | D121: 6 | E121: 200 | F121: Spool | G121: =(H121/100) -> 1.0491429 | H121: 104.91429
B122: P-Core | C122: solid | D122: 10 | E122: 200 | F122: Spool | G122: =(H122/100) -> 2.2074612 | H122: 220.74612

Sheet Kite & Wind
B10: ='Pro Race'!B11 -> PRICE LIST
B11: ='Pro Race'!B12 -> ref. 01-2017
B13: ='Pro Race'!B14 -> prices are ex-taxes and can be changed without prior notice
B14: ='Pro Race'!B15 -> position EXW Factory Portugal
B15: ='Pro Race'!B16 -> alpha ropes®
B16: ='Pro Race'!B17 -> valid from January 1st, 2017
B24: KITE | G24: Suggested Retail Price
B26: Product | C26: Colour | D26: Diam. | E26: Mts | G26: ='Pro Race'!G26 -> Retail €/mt | H26: ='Pro Race'!H26 -> Retail €/100mt
B27: D-Core 78
B28: D-Core 78 | C28: solid | D28: 2.5 | E28: 200 | F28: Spool | G28: =(H28/100) -> 0.8303175 | H28: 83.03175
B29: D-Core 78 | C29: solid | D29: 3 | E29: 200 | F29: Spool | G29: =(H29/100) -> 1.3127813 | H29: 131.27813
B30: D-Core 78 | C30: solid | D30: 4 | E30: 200 | F30: Spool | G30: =(H30/100) -> 1.8109014 | H30: 181.09014
B31: D-Core 78 | C31: solid | D31: 5 | E31: 200 | F31: Spool | G31: =(H31/100) -> 3.423 | H31: 342.3
B32: D-Core 78 | C32: solid | D32: 6 | E32: 200 | F32: Spool | G32: =(H32/100) -> 4.62495 | H32: 462.495
B33: D-Core 78 | C33: solid | D33: 7 | E33: 200 | F33: Spool | G33: =(H33/100) -> 5.8863 | H33: 588.63
B34: D-Core 78 | C34: solid | D34: 8 | E34: 200 | F34: Spool | G34: =(H34/100) -> 8.1505125 | H34: 815.05125
B36: D-Power 78
B37: D-Power 78 | C37: solid | D37: 5 | E37: 200 | F37: Spool | G37: =(H37/100) -> 2.7811875 | H37: 278.11875
B39: Windsurf Line
B40: Windsurf Line | C40: white | D40: 3.8 | E40: 200 | F40: Spool | G40: =(H40/100) -> 2.5013778 | H40: 250.13778
B42: Kite Line 8-78
B43: Kite Line 8-78 | C43: white | D43: 1.7 | E43: 200 | F43: Spool | G43: =(H43/100) -> 0.59837288 | H43: 59.837288
B45: Kite Line 8-99
B46: Kite Line 8-99 | C46: white | D46: 1 | E46: 200 | F46: Spool | G46: =(H46/100) -> 0.42305085 | H46: 42.305085
B47: Kite Line 8-99 | C47: white | D47: 1.7 | E47: 200 | F47: Spool | G47: =(H47/100) -> 0.70649492 | H47: 70.649492
B49: Kite Line 12-99
B50: Kite Line 12-99 | C50: white | D50: 1.3 | E50: 200 | F50: Spool | G50: =(H50/100) -> 0.57819661 | H50: 57.819661
B52: Skincover Kite Line
B53: Skincover Kite Line | C53: solid colour | D53: 3 | E53: 200 | F53: Spool | G53: =(H53/100) -> 0.28972653 | H53: 28.972653

Sheet Mooring
B10: ='Pro Race'!B11 -> PRICE LIST
B11: ='Pro Race'!B12 -> ref. 01-2017
B13: ='Pro Race'!B14 -> prices are ex-taxes and can be changed without prior notice
B14: ='Pro Race'!B15 -> position EXW Factory Portugal
B15: ='Pro Race'!B16 -> alpha ropes®
B16: ='Pro Race'!B17 -> valid from January 1st, 2017
B24: MOORING | G24: Suggested Retail Price
B26: Product | C26: Colour | D26: Diam. | E26: Mts | G26: ='Pro Race'!G26 -> Retail €/mt | H26: ='Pro Race'!H26 -> Retail €/100mt
B27: Superior Polyester
B28: Superior Polyester | C28: white | D28: 4 | E28: 200 | F28: Spool | G28: =(H28/100) -> 0.22792865 | H28: 22.792865
B29: Superior Polyester | C29: white | D29: 5 | E29: 200 | F29: Spool | G29: =(H29/100) -> 0.37988108 | H29: 37.988108
B30: Superior Polyester | C30: white | D30: 6 | E30: 200 | F30: Spool | G30: =(H30/100) -> 0.49384541 | H30: 49.384541
B31: Superior Polyester | C31: white | D31: 8 | E31: 200 | F31: Spool | G31: =(H31/100) -> 0.65062763 | H31: 65.062763
B32: Superior Polyester | C32: white | D32: 10 | E32: 200 | F32: Spool | G32: =(H32/100) -> 1.0170982 | H32: 101.70982
B33: Superior Polyester | C33: white | D33: 12 | E33: 200 | F33: Spool | G33: =(H33/100) -> 1.4533236 | H33: 145.33236
B34: Superior Polyester | C34: white | D34: 14 | E34: 200 | F34: Spool | G34: =(H34/100) -> 1.8547228 | H34: 185.47228
B35: Superior Polyester | C35: white | D35: 16 | E35: 100 | F35: Spool | G35: =(H35/100) -> 2.3479641 | H35: 234.79641
B36: Superior Polyester | C36: white | D36: 18 | E36: 100 | F36: Spool | G36: =(H36/100) -> 3.0647047 | H36: 306.47047
B37: Superior Polyester | C37: white | D37: 20 | E37: 100 | F37: Coil | G37: =(H37/100) -> 3.7814044 | H37: 378.14044
B38: Superior Polyester | C38: white | D38: 22 | E38: 100 | F38: Coil | G38: =(H38/100) -> 3.8675906 | H38: 386.75906
B39: Superior Polyester | C39: white | D39: 24 | E39: 100 | F39: Coil | G39: =(H39/100) -> 4.310775 | H39: 431.0775
... B52: Superior Polyester | C52: colour | D52: 26 | E52: 100 | F52: Coil | G52: =(H52/100) -> 5.6272985 | H52: 562.72985
B54: Mooring | C54: PES cover / PA core
B55: Mooring | C55: solid colours | D55: 8 | E55: 200 | F55: Spool | G55: =(H55/100) -> 1.0868797 | H55: 108.68797
B56: Mooring | C56: solid colours | D56: 12 | E56: 200 | F56: Spool | G56: =(H56/100) -> 1.9114932 | H56: 191.14932
B57: Mooring | C57: solid colours | D57: 15 | E57: 100 | F57: Spool | G57: =(H57/100) -> 2.5248356 | H57: 252.48356
B58: Mooring | C58: solid colours | D58: 19 | E58: 100 | F58: Spool | G58: =(H58/100) -> 3.8424814 | H58: 384.24814
B59: Mooring | C59: solid colours | D59: 22 | E59: 100 | F59: Spool | G59: =(H59/100) -> 5.7637525 | H59: 576.37525
B60: Mooring | C60: solid colours | D60: 24 | E60: 100 | F60: Spool | G60: =(H60/100) -> 6.8365678 | H60: 683.65678
B61: Mooring | C61: solid colours | D61: 38 | E61: 100 | F61: Spool | G61: =(H61/100) -> 17.123261 | H61: 1712.3261
B62: Mooring | C62: solid colours | D62: 40 | E62: 100 | F62: Spool | G62: =(H62/100) -> 20.705 | H62: 2070.5
B64: Dockline | C64: PES cover / PES core
B65: Dockline | C65: solid colours | D65: 8 | E65: 200 | F65: Spool | G65: =(H65/100) -> 1.1690847 | H65: 116.90847
B66: Dockline | C66: solid colours | D66: 10 | E66: 200 | F66: Spool | G66: =(H66/100) -> 1.625339 | H66: 162.5339
B67: Dockline | C67: solid colours | D67: 12 | E67: 200 | F67: Spool | G67: =(H67/100) -> 1.7874915 | H67: 178.74915
B68: Dockline | C68: solid colours | D68: 14 | E68: 200 | F68: Spool | G68: =(H68/100) -> 2.4230441 | H68: 242.30441
B69: Dockline | C69: solid colours | D69: 16 | E69: 100 | F69: Spool | G69: =(H69/100) -> 2.9629831 | H69: 296.29831
B70: Dockline | C70: solid colours | D70: 18 | E70: 100 | F70: Spool | G70: =(H70/100) -> 4.2615305 | H70: 426.15305
B71: Dockline | C71: solid colours | D71: 20 | E71: 100 | F71: Spool | G71: =(H71/100) -> 5.2674712 | H71: 526.74712
B72: Dockline | C72: solid colours | D72: 22 | E72: 100 | F72: Spool | G72: =(H72/100) -> 6.9414814 | H72: 694.14814
B73: Dockline | C73: solid colours | D73: 24 | E73: 100 | F73: Spool | G73: =(H73/100) -> 7.3159322 | H73: 731.59322
B74: Dockline | C74: solid colours | D74: 26 | E74: 100 | F74: Spool | G74: =(H74/100) -> 8.6145102 | H74: 861.45102
B75: Dockline | C75: solid colours | D75: 28 | E75: 100 | F75: Spool | G75: =(H75/100) -> 9.5458846 | H75: 954.58846
B76: Dockline | C76: solid colours | D76: 30 | E76: 100 | F76: Spool | G76: =(H76/100) -> 11.289046 | H76: 1128.9046
... B81: Dockline | C81: solid colours | D81: 44 | E81: 100 | F81: Spool | G81: =(H81/100) -> 28.800692 | H81: 2880.0692
B83: Mooring Master | C83: Coated PES cover / PA core
B84: Mooring Master | C84: solid colours | D84: 12 | E84: 200 | F84: Spool | G84: =(H84/100) -> 2.0951123 | H84: 209.51123
B85: Mooring Master | C85: solid colours | D85: 15 | E85: 100 | F85: Spool | G85: =(H85/100) -> 2.7755539 | H85: 277.55539
B86: Mooring Master | C86: solid colours | D86: 19 | E86: 100 | F86: Spool | G86: =(H86/100) -> 4.2070875 | H86: 420.70875
B87: Mooring Master | C87: solid colours | D87: 22 | E87: 100 | F87: Spool | G87: =(H87/100) -> 6.3175394 | H87: 631.75394
B88: Mooring Master | C88: solid colours | D88: 24 | E88: 100 | F88: Spool | G88: =(H88/100) -> 7.4873743 | H88: 748.73743
B89: Mooring Master | C89: solid colours | D89: 38 | E89: 100 | F89: Spool | G89: =(H89/100) -> 18.63899 | H89: 1863.899
B90: Mooring Master | C90: solid colours | D90: 40 | E90: 100 | F90: Spool | G90: =(H90/100) -> 22.549771 | H90: 2254.9771
B92: Dockline Master | C92: Coated PES cover / PES core
B93: Dockline Master | C93: solid colours | D93: 8 | E93: 200 | F93: Spool | G93: =(H93/100) -> 1.2710128 | H93: 127.10128
B94: Dockline Master | C94: solid colours | D94: 10 | E94: 200 | F94: Spool | G94: =(H94/100) -> 1.7915158 | H94: 179.15158
B95: Dockline Master | C95: solid colours | D95: 12 | E95: 200 | F95: Spool | G95: =(H95/100) -> 1.9837903 | H95: 198.37903
B96: Dockline Master | C96: solid colours | D96: 14 | E96: 200 | F96: Spool | G96: =(H96/100) -> 2.8031604 | H96: 280.31604
B97: Dockline Master | C97: solid colours | D97: 16 | E97: 100 | F97: Spool | G97: =(H97/100) -> 3.4541666 | H97: 345.41666
B98: Dockline Master | C98: solid colours | D98: 18 | E98: 100 | F98: Spool | G98: =(H98/100) -> 5.0350948 | H98: 503.50948
B99: Dockline Master | C99: solid colours | D99: 20 | E99: 100 | F99: Spool | G99: =(H99/100) -> 6.2211901 | H99: 622.11901
B100: Dockline Master | C100: solid colours | D100: 22 | E100: 100 | F100: Spool | G100: =(H100/100) -> 8.182057 | H100: 818.2057
B101: Dockline Master | C101: solid colours | D101: 24 | E101: 100 | F101: Spool | G101: =(H101/100) -> 8.6268933 | H101: 862.68933
B102: Dockline Master | C102: solid colours | D102: 26 | E102: 100 | F102: Spool | G102: =(H102/100) -> 10.178239 | H102: 1017.8239
B103: Dockline Master | C103: solid colours | D103: 28 | E103: 100 | F103: Spool | G103: =(H103/100) -> 11.278679 | H103: 1127.8679
B104: Dockline Master | C104: solid colours | D104: 30 | E104: 100 | F104: Spool | G104: =(H104/100) -> 13.325112 | H104: 1332.5112
... B109: Dockline Master | C109: solid colours | D109: 44 | E109: 100 | F109: Spool | G109: =(H109/100) -> 32.567147 | H109: 3256.7147
B111: Fender Line | C111: Polyester
B112: Fender Line | C112: solid white - 10mm flat | D112: 8 | E112: 200 | F112: Spool | G112: =(H112/100) -> 0.51570526 | H112: 51.570526
B113: Fender Line | C113: solid white - 12mm flat | D113: 10 | E113: 200 | F113: Spool | G113: =(H113/100) -> 0.67515789 | H113: 67.515789
B114: Fender Line | C114: solid white - 15mm flat | D114: 12 | E114: 200 | F114: Spool | G114: =(H114/100) -> 0.75861053 | H114: 75.861053
B116: Fender Line | C116: solid colours - 10mm flat | D116: 8 | E116: 200 | F116: Spool | G116: =(H116/100) -> 0.55781053 | H116: 55.781053
B117: Fender Line | C117: solid colours - 12mm flat | D117: 10 | E117: 200 | F117: Spool | G117: =(H117/100) -> 0.75410526 | H117: 75.410526
B118: Fender Line | C118: solid colours - 15mm flat | D118: 12 | E118: 200 | F118: Spool | G118: =(H118/100) -> 0.87176842 | H118: 87.176842

Sheet Mini-Boxes
B10: ='Pro Race'!B11 -> PRICE LIST
B11: ='Pro Race'!B12 -> ref. 01-2017
B13: ='Pro Race'!B14 -> prices are ex-taxes and can be changed without prior notice
B14: ='Pro Race'!B15 -> position EXW Factory Portugal
B15: ='Pro Race'!B16 -> alpha ropes®
B16: ='Pro Race'!B17 -> valid from January 1st, 2017
B24: BOXES | G24: Suggested Retail Price
B26: Product | D26: Diam. | E26: Mts | G26: Retail €/box
B28: S-BOX
B29: Whipping Twine Colors | C29: 12 x S spools | D29: 1.0mm | E29: 12 x 35mt | G29: 51.678571
B30: Whipping Twine White | C30: 12 x S spools | D30: 1.0mm | E30: 12 x 35mt | G30: 51.678571
B31: Whipping Twine Dyneema | C31: 12 x S spools | E31: 12 x 35mt | G31: 141.67857
B32: Flyneema 1.0mm | C32: 12 x S Spools | D32: 1.0mm | E32: 12 x 35mt | G32: 105.38009
B33: Flyneema 1.2mm | C33: 12 x S Spools | D33: 1.2mm | E33: 12 x 35mt | G33: 121.79886
B34: Kite Line 8-78 | C34: 12 x S Spools | E34: 12 x 35mt | G34: 282.62818
B35: Softline 3mm | C35: 4 x M spools | D35: 3mm | E35: 4 x 20mt | G35: 25.539038
B36: Trimstar 3mm | C36: 4 x M spools | D36: 3mm | E36: 4 x 20mt | G36: 34.862262
B37: Ultraneema 3mm | C37: 4 x M spools | D37: 3mm | E37: 4 x 20mt | G37: 70.718856
B38: D-Core 78 3mm | C38: 4 x M spools | D38: 3mm | E38: 4 x 16mt | G38: 95.990833
B40: OPTI BOX - S
B41: contents: | G41: 74.25
B42: 3 x Flyneema 1.2mm S spools
B43: 1 x Ultraneema 3mm M spool
B44: 1 x Ultraneema 6mm L spool

Sheet Acessories
B10: ='Pro Race'!B11 -> PRICE LIST
B11: ='Pro Race'!B12 -> ref. 01-2017
B13: ='Pro Race'!B14 -> prices are ex-taxes and can be changed without prior notice
B14: ='Pro Race'!B15 -> position EXW Factory Portugal
B15: ='Pro Race'!B16 -> alpha ropes®
B16: ='Pro Race'!B17 -> valid from January 1st, 2017
B24: ACESSORIES
B26: Product | G26: Net Price €/unit
B28: Alpha Ropes Dinghy Display | G28: 319.99801
B29: Alpha Ropes Dinghy Display with Ropes: | G29: 1005.7361
C30: Flyneema 1mm Blue | D30: 500mt
C31: Ultraneema 2mm Red | D31: 200mt
C32: Ultraneema 3mm Royal Blue | D32: 100mt
C33: Ultraneema 4mm Black | D33: 100mt
C34: Trimstar 3mm Green | D34: 100mt
C35: Trimstar 4mm Yellow | D35: 100mt
C36: D-Core 3mm Black | D36: 100mt
C37: SSR Light 8mm Royal Blue | D37: 100mt
C38: SSR 5mm Grey | D38: 100mt
C39: D-Cup Kmix 5mm Yellow | D39: 100mt
C40: D-Cup Kmix 6mm Royal Blue | D40: 100mt
C41: D-Cup Kmix 7mm Vermelho | D41: 100mt
B43: Alpha Ropes Shop Display - Single | G43: 425.88235
B44: Alpha Ropes Shop Display - Double | G44: 608.23529
B45: Selma Needles | G45: 39.001421
B46: D-Splicer Set - includes handle + 4 needles | G46: 29
B47: D-Splicer F10 | G47: 8.8461538
B48: D-Splicer F15 | G48: 9
B49: D-Splicer F20 | G49: 9.3076923
B50: D-Splicer F25 | G50: 9.6923077
B51: D-Scissor | G51: 30
B52: Whipping Twine Polyester 1.0mm x 500mt | D52: Any color (white, black red, blue) | G52: 14
B53: Whipping Twine Dyneema x 1500mt | D53: white | G53: 132.86
B54: Splicing Tape 15mm

Sheet Ready Made
B10: ='Pro Race'!B11 -> PRICE LIST
B11: ='Pro Race'!B12 -> ref. 01-2017
B13: ='Pro Race'!B14 -> prices are ex-taxes and can be changed without prior notice
B14: ='Pro Race'!B15 -> position EXW Factory Portugal
B15: ='Pro Race'!B16 -> alpha ropes®
B16: ='Pro Race'!B17 -> valid from January 1st, 2017
B28: READY MADE | G28: Suggested Retail Price
B30: Product | C30: Colour | D30: Diam. | E30: Mts | G30: Retail €/unit
B31: Dockline | C31: PES/PES
B32: Dockline | C32: white + Eye 200mm | D32: 8 | E32: 5 | F32: Unit | G32: 19.50555
B33: Dockline | C33: white + Eye 250mm | D33: 10 | E33: 6 | F33: Unit | G33: 23.567143
B34: Dockline | C34: white + Eye 250mm | D34: 10 | E34: 10 | F34: Unit | G34: 29.687143
B35: Dockline | C35: white + Eye 250mm | D35: 12 | E35: 7 | F35: Unit | G35: 26.09538
B36: Dockline | C36: white + Eye 250mm | D36: 12 | E36: 10 | F36: Unit | G36: 31.059719
B38: Dockline | C38: solid color + Eye 200mm | D38: 8 | E38: 5 | F38: Unit | G38: 19.871651
B39: Dockline | C39: solid color + Eye 250mm | D39: 10 | E39: 6 | F39: Unit | G39: 24.234516
B40: Dockline | C40: solid color + Eye 250mm | D40: 10 | E40: 10 | F40: Unit | G40: 30.735872
B41: Dockline | C41: solid color + Eye 250mm | D41: 12 | E41: 7 | F41: Unit | G41: 27.157075
B42: Dockline | C42: solid color + Eye 250mm | D42: 12 | E42: 10 | F42: Unit | G42: 32.51955
B44: Anchorline | C44: PES/PES
B45: Dockline Eye+M.Thimble | C45: white with Eye + Stain Thimble | D45: 10 | E45: 30 | F45: Unit | G45: 66.155714
B46: Dockline Eye+M.Thimble | C46: white with Eye + Stain Thimble | D46: 12 | E46: 30 | F46: Unit | G46: 71.583884
B47: Dockline Eye+M.Thimble | C47: white with Eye + Stain Thimble | D47: 14 | E47: 30 | F47: Unit | G47: 92.423233
B49: Dockline Eye+M.Thimble | C49: color with Eye + Stain Thimble | D49: 10 | E49: 30 | F49: Unit | G49: 69.111223
B50: Dockline Eye+M.Thimble | C50: color with Eye + Stain Thimble | D50: 12 | E50: 30 | F50: Unit | G50: 75.697952
B51: Dockline Eye+M.Thimble | C51: color with Eye + Stain Thimble | D51: 14 | E51: 30 | F51: Unit | G51: 98.00008
B53: Fender Line SUPERIOR | C53: 3 Strand PES
B54: Superior | C54: white + one eye 40mm | D54: 6 | E54: 1.5 | F54: Unit | G54: 8.7098666
B55: Superior | C55: white + one eye 40mm | D55: 6 | E55: 2 | F55: Unit | G55: 9.0232685
B56: Superior | C56: white + one eye 40mm | D56: 8 | E56: 1.5 | F56: Unit | G56: 8.5802903
B57: Superior | C57: white + one eye 40mm | D57: 8 | E57: 2 | F57: Unit | G57: 8.8677769
B58: Superior | C58: white + one eye 40mm | D58: 10 | E58: 2 | F58: Unit | G58: 10.74508
B60: Superior | C60: colour + one eye 40mm | D60: 6 | E60: 1.5 | F60: Unit | G60: 8.8539731
B61: Superior | C61: colour + one eye 40mm | D61: 6 | E61: 2 | F61: Unit | G61: 9.1961963
B62: Superior | C62: colour + one eye 40mm | D62: 8 | E62: 1.5 | F62: Unit | G62: 9.1215224
B63: Superior | C63: colour + one eye 40mm | D63: 8 | E63: 2 | F63: Unit | G63: 9.5172554
B64: Superior | C64: colour + one eye 40mm | D64: 10 | E64: 2 | F64: Unit | G64: 11.262211

Sheet Webbings
B10: ='Pro Race'!B11 -> PRICE LIST
B11: ='Pro Race'!B12 -> ref. 01-2017
B13: ='Pro Race'!B14 -> prices are ex-taxes and can be changed without prior notice
B14: ='Pro Race'!B15 -> position EXW Factory Portugal
B15: ='Pro Race'!B16 -> alpha ropes®
B16: ='Pro Race'!B17 -> valid from January 1st, 2017
B24: WEBBINGS | G24: Suggested Retail Price
B26: Product | G26: Retail €/mt | H26: Retail €/100mt
B27: Polyester Standard | C27: Bload
B28: 12mm | C28: 320kgf | D28: White | G28: =(H28/100) -> 0.27428571 | H28: 27.428571
B29: 20mm | C29: 500kgf | D29: White | G29: =(H29/100) -> 0.50857143 | H29: 50.857143
B30: 25mm | C30: 600kgf | D30: White | G30: =(H30/100) -> 0.53714286 | H30: 53.714286
B31: 30mm | C31: 850kgf | D31: White | G31: =(H31/100) -> 0.65714286 | H31: 65.714286
B33: Polyester Heavy Weight | C33: Bload
B34: 12mm | C34: 400kgf | D34: White | H34: 25.714286
B35: 12mm | C35: 400kgf | D35: Color | H35: 32.142857
B36: 20mm | C36: 500kgf | D36: White | G36: =(H36/100) -> 0.34285714 | H36: 34.285714
B37: 20mm | C37: 500kgf | D37: Color | G37: =(H37/100) -> 0.42857143 | H37: 42.857143
B38: 25mm | C38: 960kgf | D38: White | G38: =(H38/100) -> 0.42285714 | H38: 42.285714
B39: 25mm | C39: 960kgf | D39: Color | G39: =(H39/100) -> 0.52857143 | H39: 52.857143
B40: 30mm | C40: 1.100kgf | D40: White | G40: =(H40/100) -> 0.50285714 | H40: 50.285714
B41: 30mm | C41: 1.100kgf | D41: Color | G41: =(H41/100) -> 0.62857143 | H41: 62.857143
B42: 40mm | C42: 1.450kgf | D42: White | G42: =(H42/100) -> 0.65714286 | H42: 65.714286
B43: 40mm | C43: 1.450kgf | D43: Color | G43: =(H43/100) -> 0.82142857 | H43: 82.142857
B44: 50mm | C44: 1.800kgf | D44: White | G44: =(H44/100) -> 0.82857143 | H44: 82.857143
B45: 50mm | C45: 1.800kgf | D45: Color | G45: =(H45/100) -> 1.0357143 | H45: 103.57143
B46: 63mm | D46: White | G46: =(H46/100) -> 1 | H46: 100
B47: 63mm | D47: Color | G47: =(H47/100) -> 1.25 | H47: 125
B49: Polyester XT Heavy Weight | C49: Bload
B50: 25m | C50: 1.270kgf | D50: White | G50: =(H50/100) -> 0.8 | H50: 80
B51: 30mm | C51: 1.800kgf | D51: White | G51: =(H51/100) -> 0.94285714 | H51: 94.285714
B52: 40mm | C52: 2.400kgf | D52: White | G52: =(H52/100) -> 1.2571429 | H52: 125.71429
B53: 50mm | C53: 3.100kgf | D53: White | G53: =(H53/100) -> 1.4857143 | H53: 148.57143
B55: Polyester Extreme - Truck (para Doyle Sails USA) | C55: Bload
B56: 55mm | C56: 12.000kgf | D56: White | G56: =(H56/100) -> 4.6753247 | H56: 467.53247
B58: Polyester Tubular Super Heavy | C58: Bload
B59: 25mm | C59: 1.700kgf | D59: White | G59: =(H59/100) -> 0.74363992 | H59: 74.363992
B61: Polypropylene Standard
B62: 20mm | D62: White | G62: =(H62/100) -> 0.29142857 | H62: 29.142857
B63: 25mm | D63: White | G63: =(H63/100) -> 0.34285714 | H63: 34.285714
B64: 30mm | D64: White | G64: =(H64/100) -> 0.37142857 | H64: 37.142857
B66: Polypropylene Heavy
B67: 20mm | D67: White | G67: =(H67/100) -> 0.37714286 | H67: 37.714286
B68: 25mm | D68: White | G68: =(H68/100) -> 0.41038961 | H68: 41.038961
B69: 30mm | D69: White | G69: =(H69/100) -> 0.47428571 | H69: 47.428571
B71: Aramid | C71: Bload
B72: 25mm | C72: 1.900kgf | D72: Yellow | G72: =(H72/100) -> 11.428571 | H72: 1142.8571
B73: 45mm | C73: 2.600kgf | D73: Yellow | G73: =(H73/100) -> 13.333333 | H73: 1333.3333
B75: Dyneema Standard 1.0mm | C75: Bload
B76: 10mm | D76: White | G76: =(H76/100) -> 1.4285714 | H76: 142.85714
B77: 12mm | C77: 800kgf | D77: White | G77: =(H77/100) -> 2.4761905 | H77: 247.61905
B78: 20mm | C78: 1.370kgf | D78: White | G78: =(H78/100) -> 3.9047619 | H78: 390.47619
B79: 25mm | C79: 1.760kgf | D79: White | G79: =(H79/100) -> 4.4761905 | H79: 447.61905
B80: 30mm | C80: 2.150kgf | D80: White | G80: =(H80/100) -> 5.7142857 | H80: 571.42857
B81: 40mm | C81: 2.600kgf | D81: White | G81: =(H81/100) -> 6.2857143 | H81: 628.57143
B83: Dyneema Heavy 1.8mm | C83: Bload
B84: 25mm | C84: 2.000kgf | D84: White | G84: =(H84/100) -> 5.4761905 | H84: 547.61905
B85: 30mm | C85: 4.300kgf | D85: White | G85: =(H85/100) -> 8.3333333 | H85: 833.33333
B86: 40mm | C86: 5.800kgf | D86: White | G86: =(H86/100) -> 14.047619 | H86: 1404.7619

Sheet Folha1
